+Articles 	 meta/articles/
+अधिशैवम् 	 meta/
+शैवः 	 
The Vyomavyāpin in the 	 meta/articles/MT/2023-01-03_the-vyomavyapin-in-the-pasupata-tantra-and-a-discu/
शैवतन्त्रे मानसतरङ्गिणीकृल्लेखाः 	 meta/articles/MT/
The vyomavyApin mantra 	 meta/articles/MT/2008-02-10_the-vyomavyapin-mantra/
+मानसतरङ्गिणीकृल्-लेखाः 	 shAktaH/MT_lekhAH/
+शाक्तः 	 shAktaH/
shrIvidyA beyond the pa~nchadashI and classical phase 	 shAktaH/MT_lekhAH/2006-07-23_shrividya-beyond-the-panchadashi-and-classical-phase/
The hAdi krama 	 shAktaH/MT_lekhAH/2006-04-15_the-hadi-krama/
shrI shyAmol rAm’s exposition of mahAchInakrama 	 shAktaH/MT_lekhAH/2006-02-25_shri-shyamol-rams-exposition-of-mahachinakrama/
The herb grids of the kubjikA mata 	 shAktaH/MT_lekhAH/2006-02-03_the-herb-grids-of-the-kubjika-mata/
+Articles 	 trikam/articles/
+MT 	 trikam/articles/MT/
+त्रिकम् 	 trikam/
A description of abhinavagupta by madhurAja yogin 	 trikam/articles/MT/2005-11-15_a-description-of-abhinavagupta-by-madhuraja-yogin/
The heart of vArAhI 	 shAktaH/MT_lekhAH/2005-05-02_the-heart-of-varahi/
The AmnAyas of the chi~nchinI-mata-sAra-sammuchaya 	 shAktaH/MT_lekhAH/2005-04-24_the-amnayas-of-the-chinchini-mata-sara-sammuchaya/
The tantric manual of the atharvan-a~Ngiras 	 shAktaH/MT_lekhAH/2005-04-23_the-tantric-manual-of-the-atharvan-angiras/
Formal definition of the shrichakra 	 shAktaH/MT_lekhAH/2005-04-09_formal-definition-of-the-shrichakra/
Forms of the pratya~NgirA R^ik 	 shAktaH/MT_lekhAH/2005-03-05_forms-of-the-pratyangira-rik/
pratya~NgirA and kR^ityA prayoga 	 shAktaH/MT_lekhAH/2005-02-20_pratyangira-and-kritya-prayoga/
+0 	 meta/articles/shaivism_and_the_Tantric_Traditions/0/
+0 	 shAktaH/daxiNAmnAyaH/yoginIhRdayam/padoux-jeanty/0/
+0 	 trikam/abhinavagupta-mUlam/tantrAlokaH/meta/articles/rastogi-navajIvana-intro/0/
+० 	 trikam/articles/rastogi-navajIvanaH/pramANa-chintana/0/
+० सूत्रपाठः 	 shiva-sUtrANi/mUlam/
+00 	 trikam/abhinavagupta-mUlam/tantrAlokaH/tantrasAraH/00/
+०१ विद्यापदः 	 rauravAgamaH/01_vidyApAdaH/
+०१ विद्यापादः 	 svAyambhuvAgamaH/01_vidyApAdaH/
+०१-०३ 	 trikam/abhinavagupta-mUlam/tantrAlokaH/pariShkAryam/chaturvedi-rAdheshyAmaH/p1_01-03/
+०१-०३ 	 trikam/abhinavagupta-mUlam/tantrAlokaH/pariShkAryam/paramahaMsa-mishraH/p1_01-03/
+०२ उत्तरसूत्रम् 	 svAyambhuvAgamaH/02_uttarasUtram/
+०२ प्रतिष्ठातन्त्रम् 	 svAyambhuvAgamaH/03_uttarasvAyambhuve_prakIrNam/02_pratiShThAtantram/
+०३ उत्तरस्वायम्भुवे प्रकीर्णम् 	 svAyambhuvAgamaH/03_uttarasvAyambhuve_prakIrNam/
+०४ प्रकीर्णम् 	 svAyambhuvAgamaH/04_prakIrNam/
+०४-०७ 	 trikam/abhinavagupta-mUlam/tantrAlokaH/pariShkAryam/chaturvedi-rAdheshyAmaH/p2_04-07/
+०४-०७ 	 trikam/abhinavagupta-mUlam/tantrAlokaH/pariShkAryam/paramahaMsa-mishraH/p2_04-07/
+०८-०९ 	 trikam/abhinavagupta-mUlam/tantrAlokaH/pariShkAryam/paramahaMsa-mishraH/p3_08-09/
+०८-१० 	 trikam/abhinavagupta-mUlam/tantrAlokaH/pariShkAryam/chaturvedi-rAdheshyAmaH/p3_08-10/
+1 Early Śaivism 	 meta/articles/shaivism_and_the_Tantric_Traditions/1_Early_shaivism/
+१ प्रमाण 	 trikam/articles/rastogi-navajIvanaH/pramANa-chintana/1_pramANa/
+१०-१३ 	 trikam/abhinavagupta-mUlam/tantrAlokaH/pariShkAryam/paramahaMsa-mishraH/p4_10-13/
+११-२० 	 trikam/abhinavagupta-mUlam/tantrAlokaH/pariShkAryam/chaturvedi-rAdheshyAmaH/p4_11-20/
+१४-१५ 	 trikam/abhinavagupta-mUlam/tantrAlokaH/pariShkAryam/paramahaMsa-mishraH/p5_14-15/
+१६-२७ 	 trikam/abhinavagupta-mUlam/tantrAlokaH/pariShkAryam/paramahaMsa-mishraH/p6_16-27/
+2 Exegetical and Philosophical Traditions ∵ 	 meta/articles/shaivism_and_the_Tantric_Traditions/2_Exegetical_and_Philosophical_Traditions/
+२ प्रमाण-भेद 	 trikam/articles/rastogi-navajIvanaH/pramANa-chintana/2_pramANa-bheda/
+२१-३७ 	 trikam/abhinavagupta-mUlam/tantrAlokaH/pariShkAryam/chaturvedi-rAdheshyAmaH/p5_21-37/
+२८-२९ 	 trikam/abhinavagupta-mUlam/tantrAlokaH/pariShkAryam/paramahaMsa-mishraH/p7_28-29/
+3 Religion, the State, and Social History 	 meta/articles/shaivism_and_the_Tantric_Traditions/3_Religion_the_State_and_Social_History/
+३०-३७ 	 trikam/abhinavagupta-mUlam/tantrAlokaH/pariShkAryam/paramahaMsa-mishraH/p8_30-37_pariShiShTAni/
+4 Mantra, Ritual, and Yoga 	 meta/articles/shaivism_and_the_Tantric_Traditions/4_Mantra_Ritual_and_Yoga/
+5 Art and Architecture 	 meta/articles/shaivism_and_the_Tantric_Traditions/5_Art_and_Architecture/
+7 APPENDICES 	 trikam/abhinavagupta-mUlam/tantrAlokaH/meta/articles/rastogi-navajIvana-intro/7_APPENDICES/
+Articles 	 siddhAntaH/articles/
+Articles 	 trikam/abhinavagupta-mUlam/tantrAlokaH/meta/articles/
+Davis on ritual 	 meta/articles/davis_on_ritual/
+Dyczkowski 	 meta/articles/Dyczkowski/
+ghorAngIrasa 	 siddhAntaH/articles/GA/
+Marrewa 	 meta/articles/marrewa/
+Notes 	 shAktaH/daxiNAmnAyaH/yoginIhRdayam/padoux-jeanty/0/notes/
+Padoux-jeanty 	 shAktaH/daxiNAmnAyaH/yoginIhRdayam/padoux-jeanty/
+rastogi-navajIvana-intro 	 trikam/abhinavagupta-mUlam/tantrAlokaH/meta/articles/rastogi-navajIvana-intro/
+Sanderson 	 meta/articles/sanderson/
+shtAneshvaraH 	 trikam/articles/sthAneshvaraH/
+Summary 	 trikam/abhinavagupta-mUlam/tantrAlokaH/tantrasAraH/00/Summary/
+Tantric Traditions 	 meta/articles/shaivism_and_the_Tantric_Traditions/
+अड्यार्-सङ्कलनम् 	 shAktaH/upaniShat/aDyAr-sankalanam/
+अड्यार्-सङ्कलनम् 	 upaniShat/aDyAr-sankalanam/
+अधि-तन्त्रालोकम् 	 trikam/abhinavagupta-mUlam/tantrAlokaH/meta/
+अभिनवगुप्त-मूलानि 	 trikam/abhinavagupta-mUlam/
+अष्ट प्रकरणानि 	 siddhAntaH/aShTa_prakaraNAni/
+ईश्वरप्रत्यभिज्ञाकारिका 	 trikam/Ishvara-pratyabhiJNA-kArikA/
+उपनिषत् 	 shAktaH/upaniShat/
+उपनिषत् 	 upaniShat/
+कामिकागमः 	 kAmikAgamaH/
+कारणागमः २ 	 kAraNAgamaH_2/
+कुलार्णवतन्त्रम् 	 kulArNava-tantram/
+क्षेमराज-मूलम् 	 trikam/xemarAja-mUlam/
+क्षेमराज-विमर्शिनी 	 shiva-sUtrANi/kShemarAja-vimarshinI/
+गुर्तू-नीलकण्ठः 	 trikam/articles/gurtU-nIlakaNThaH/
+चतुर्वेदि-राधेश्यामः 	 trikam/abhinavagupta-mUlam/tantrAlokaH/pariShkAryam/chaturvedi-rAdheshyAmaH/
+चित्राणि 	 meta/images/
+चित्राणि 	 shAktaH/daxiNAmnAyaH/images/
+चित्राणि 	 siddhAntaH/images/
+चित्राणि 	 trikam/images/
+जू-लक्ष्मणः 	 trikam/articles/jU-laxmaNaH/
+तन्त्रसारः 	 trikam/abhinavagupta-mUlam/tantrAlokaH/tantrasAraH/
+तन्त्रालोकः 	 trikam/abhinavagupta-mUlam/tantrAlokaH/
+त्रिपुरा-रहस्यम् 	 shAktaH/daxiNAmnAyaH/tripurA-rahasyam/
+दक्षिणाम्नायः 	 shAktaH/daxiNAmnAyaH/
+नित्या-षोडशिकार्णवः 	 shAktaH/daxiNAmnAyaH/nityA-ShoDashikArNavaH/
+नेत्रतन्त्रम् 	 trikam/netra-tantram/
+परमहंस-मिश्रः 	 trikam/abhinavagupta-mUlam/tantrAlokaH/pariShkAryam/paramahaMsa-mishraH/
+परमहंस-मिश्रानुवादः 	 trikam/mAlinI-vijayottara-tantram/srotaH/paramhaMsa-mishrAnuvAdaH/
+परा-प्रवेशिका 	 trikam/xemarAja-mUlam/parA-praveshikA/
+परात्रिंशिका-विवरणम् 	 trikam/parAtriMshikA/
+परिष्कार्यम् 	 trikam/abhinavagupta-mUlam/tantrAlokaH/pariShkAryam/
+प्रतिपादितविषयसङ्ग्रहः 	 shiva-sUtrANi/viShaya-sangrahaH/
+प्रत्यभिज्ञा-हृदयं 	 trikam/pratyabhijJNA-hRdayam/
+प्रमाण-चिन्तन 	 trikam/articles/rastogi-navajIvanaH/pramANa-chintana/
+भास्कररायटीका 	 shAktaH/daxiNAmnAyaH/nityA-ShoDashikArNavaH/bhAskara-rAya-TIkA/
+मालिनी-विजय-वार्तिकम् 	 trikam/abhinavagupta-mUlam/mAlinI-vijaya-vArtikam/
+मालिनी-विजयोत्तर-तन्त्रम् 	 trikam/mAlinI-vijayottara-tantram/
+मूलम् 	 trikam/abhinavagupta-mUlam/tantrAlokaH/tantrasAraH/mUlam/
+मेरुतन्त्र 	 meru-tantram/
+योगिनीहृदयम् 	 shAktaH/daxiNAmnAyaH/yoginIhRdayam/
+रस्तोगि-नवजीवनः 	 trikam/articles/rastogi-navajIvanaH/
+रौरवागमः 	 rauravAgamaH/
+वसुगुप्त-वार्त्तिकम् 	 shiva-sUtrANi/vasugupta-vArttikam/
+विज्ञान-भैरवः 	 trikam/vijJNAna-bhairavaH/
+विमर्शिनी 	 trikam/Ishvara-pratyabhiJNA-kArikA/vimarshinI/
+विमर्शिनीव्याख्या 	 trikam/Ishvara-pratyabhiJNA-kArikA/vimarshinI-vyAkhyA/
+विष्णुदत्त-शास्त्र्य्-अनुवादः 	 trikam/mAlinI-vijayottara-tantram/srotaH/viShnu-datta-Shastry-anuvAdaH/
+वृत्तिः 	 trikam/Ishvara-pratyabhiJNA-kArikA/vRttiH/
+शिव-सूत्राणि 	 shiva-sUtrANi/
+सर्व-प्रस्तुतिः 	 shAktaH/daxiNAmnAyaH/yoginIhRdayam/sarva-prastutiH/
+सर्व-प्रस्तुतिः 	 trikam/abhinavagupta-mUlam/tantrAlokaH/sarva-prastutiH/
+सर्व-प्रस्तुतिः 	 trikam/mAlinI-vijayottara-tantram/sarva-prastutiH/
+सिद्धान्तः 	 siddhAntaH/
+सोमानन्द-शिवदृष्टिः 	 trikam/somAnanda-shivadRShTiH/
+स्थानेश्वरः 	 meta/articles/sthAneshvaraH/
+स्पन्द-कारिका 	 trikam/spanda-kArikA/
+स्रोतः 	 trikam/mAlinI-vijayottara-tantram/srotaH/
+स्रोतः 	 trikam/parAtriMshikA/srotaH/
+स्रोतः 	 trikam/pratyabhijJNA-hRdayam/srotaH/
+स्रोतः 	 trikam/spanda-kArikA/srotaH/
+स्रोतः 	 trikam/vijJNAna-bhairavaH/srotaH/
+स्वच्छन्दतन्त्र 	 trikam/svachChandatantram/
+स्वायंभुव-सूत्र-संग्रहः 	 svAyambhuvAgamaH/
0 	 meta/articles/davis_on_ritual/0/
०० 	 trikam/mAlinI-vijayottara-tantram/srotaH/paramhaMsa-mishrAnuvAdaH/00/
०० 	 trikam/mAlinI-vijayottara-tantram/srotaH/viShnu-datta-Shastry-anuvAdaH/00/
01 	 trikam/abhinavagupta-mUlam/tantrAlokaH/tantrasAraH/00/Summary/01/
०१ 	 kAraNAgamaH_2/01/
०१ 	 kulArNava-tantram/01/
०१ 	 trikam/abhinavagupta-mUlam/mAlinI-vijaya-vArtikam/01/
०१ 	 trikam/abhinavagupta-mUlam/tantrAlokaH/pariShkAryam/chaturvedi-rAdheshyAmaH/p1_01-03/01/
०१ 	 trikam/abhinavagupta-mUlam/tantrAlokaH/pariShkAryam/paramahaMsa-mishraH/p1_01-03/01/
०१ 	 trikam/mAlinI-vijayottara-tantram/srotaH/paramhaMsa-mishrAnuvAdaH/01/
०१ 	 trikam/mAlinI-vijayottara-tantram/srotaH/viShnu-datta-Shastry-anuvAdaH/01/
०१ 	 trikam/netra-tantram/01/
०१ 	 trikam/svachChandatantram/01/
01 TEXTS REFERRED TO BY NAME IN THE TANTRALOKA 	 trikam/abhinavagupta-mUlam/tantrAlokaH/meta/articles/rastogi-navajIvana-intro/7_APPENDICES/01_TEXTS_REFERRED_TO_BY_NAME_IN_THE_TANTRALOKA/
०१ अल्ला-उपनिषत् 	 shAktaH/upaniShat/aDyAr-sankalanam/01_allA-upaniShat/
०१ नीलरुद्रोपनिषत् 	 upaniShat/aDyAr-sankalanam/01_nIlarudropaniShat/
०१ पशुविचारः 	 svAyambhuvAgamaH/01_vidyApAdaH/01_pashuvichAraH/
०१ प्रसन्नपूजाविधिपटलः 	 svAyambhuvAgamaH/03_uttarasvAyambhuve_prakIrNam/01_prasannapUjAvidhipaTalaH/
०१ राजरक्षा-विधि-पटलः 	 svAyambhuvAgamaH/03_uttarasvAyambhuve_prakIrNam/02_pratiShThAtantram/01_rAjaraxA-vidhi-paTalaH/
01 विज्ञान-भेद-प्रकाशनम् 	 trikam/abhinavagupta-mUlam/tantrAlokaH/tantrasAraH/01_vijnAna-bheda-prakAshanam/
०१ विज्ञान-भेद-प्रकाशनम् 	 trikam/abhinavagupta-mUlam/tantrAlokaH/tantrasAraH/mUlam/01/
०१ विवेकः 	 trikam/abhinavagupta-mUlam/tantrAlokaH/sarva-prastutiH/01/
०१ व्यवस्थाप्रकाशः 	 meru-tantram/01_vyavasthAprakAshaH/
01 सृष्ट्यधिकारः 	 trikam/mAlinI-vijayottara-tantram/sarva-prastutiH/01_sRShTyadhikAraH/
०१ स्नपनविधिपटलः 	 svAyambhuvAgamaH/04_prakIrNam/01_snapanavidhipaTalaH/
02 	 trikam/abhinavagupta-mUlam/tantrAlokaH/tantrasAraH/00/Summary/02/
०२ 	 kAraNAgamaH_2/02/
०२ 	 kulArNava-tantram/02/
०२ 	 trikam/abhinavagupta-mUlam/mAlinI-vijaya-vArtikam/02/
०२ 	 trikam/abhinavagupta-mUlam/tantrAlokaH/pariShkAryam/chaturvedi-rAdheshyAmaH/p1_01-03/02/
०२ 	 trikam/abhinavagupta-mUlam/tantrAlokaH/pariShkAryam/paramahaMsa-mishraH/p1_01-03/02/
०२ 	 trikam/abhinavagupta-mUlam/tantrAlokaH/sarva-prastutiH/02/
०२ 	 trikam/abhinavagupta-mUlam/tantrAlokaH/tantrasAraH/mUlam/02/
०२ 	 trikam/mAlinI-vijayottara-tantram/srotaH/paramhaMsa-mishrAnuvAdaH/02/
०२ 	 trikam/mAlinI-vijayottara-tantram/srotaH/viShnu-datta-Shastry-anuvAdaH/02/
०२ 	 trikam/netra-tantram/02/
०२ 	 trikam/svachChandatantram/02/
02 PERSONS REFERRED TO BY NAME IN THE TANTRĀLOKA 	 trikam/abhinavagupta-mUlam/tantrAlokaH/meta/articles/rastogi-navajIvana-intro/7_APPENDICES/02_PERSONS_REFERRED_TO_BY_NAME_IN_THE_TANTRLOKA/
02 अनुपाय-प्रकाशनम् 	 trikam/abhinavagupta-mUlam/tantrAlokaH/tantrasAraH/02_anupAya-prakAshanam/
०२ अयुतस्नानविधिपटलः 	 svAyambhuvAgamaH/04_prakIrNam/02_ayutasnAnavidhipaTalaH/
०२ आथर्वणद्वितीयोपनिषत् 	 shAktaH/upaniShat/aDyAr-sankalanam/02_AtharvaNadvitIyopaniShat/
०२ पारायणोपनिषत् 	 upaniShat/aDyAr-sankalanam/02_pArAyaNopaniShat/
०२ पाशविचारः 	 svAyambhuvAgamaH/01_vidyApAdaH/02_pAshavichAraH/
०२ योगपूजाविधिक्रमः 	 svAyambhuvAgamaH/03_uttarasvAyambhuve_prakIrNam/02_pratiShThAtantram/02_yogapUjAvidhikramaH/
02 व्याप्त्यधिकारः 	 trikam/mAlinI-vijayottara-tantram/sarva-prastutiH/02_vyAptyadhikAraH/
०२ संस्कारप्रकाशः 	 meru-tantram/02_saMskAraprakAshaH/
03 	 trikam/abhinavagupta-mUlam/tantrAlokaH/tantrasAraH/00/Summary/03/
०३ 	 kAraNAgamaH_2/03/
०३ 	 kulArNava-tantram/03/
०३ 	 trikam/abhinavagupta-mUlam/tantrAlokaH/pariShkAryam/chaturvedi-rAdheshyAmaH/p1_01-03/03/
०३ 	 trikam/abhinavagupta-mUlam/tantrAlokaH/pariShkAryam/paramahaMsa-mishraH/p1_01-03/03/
०३ 	 trikam/abhinavagupta-mUlam/tantrAlokaH/sarva-prastutiH/03/
०३ 	 trikam/abhinavagupta-mUlam/tantrAlokaH/tantrasAraH/mUlam/03/
०३ 	 trikam/mAlinI-vijayottara-tantram/srotaH/paramhaMsa-mishrAnuvAdaH/03/
०३ 	 trikam/mAlinI-vijayottara-tantram/srotaH/viShnu-datta-Shastry-anuvAdaH/03/
०३ 	 trikam/netra-tantram/03/
०३ 	 trikam/svachChandatantram/03/
03 SYSTEMS/MAJOR DOCTRINES REFERRED TO BY NAME IN THE TANTRĀLOKA 	 trikam/abhinavagupta-mUlam/tantrAlokaH/meta/articles/rastogi-navajIvana-intro/7_APPENDICES/03_SYSTEMS_REFERRED_TO_BY_NAME_IN_THE_TANTRLOKA/
०३ अनुग्रहशक्तिः 	 svAyambhuvAgamaH/01_vidyApAdaH/03_anugrahashaktiH/
०३ कामराजकीलितोद्धारोपनिषत् 	 shAktaH/upaniShat/aDyAr-sankalanam/03_kAmarAjakIlitoddhAropaniShat/
०३ दीक्षाप्रकाशः 	 meru-tantram/03_dIxAprakAshaH/
०३ दीपप्रायश्चित्तविधिपटलः 	 svAyambhuvAgamaH/04_prakIrNam/03_dIpaprAyashchittavidhipaTalaH/
०३ बिल्वोपनिषत् 	 upaniShat/aDyAr-sankalanam/03_bilvopaniShat/
०३ भजनपूजा-विधिपटलः 	 svAyambhuvAgamaH/03_uttarasvAyambhuve_prakIrNam/03_bhajanapUjA-vidhipaTalaH/
03 मन्त्रोद्धाराधिकारः 	 trikam/mAlinI-vijayottara-tantram/sarva-prastutiH/03_mantroddhArAdhikAraH/
०३ महाव्रतविधिपटलः 	 svAyambhuvAgamaH/03_uttarasvAyambhuve_prakIrNam/02_pratiShThAtantram/03_mahAvratavidhipaTalaH/
03 शाम्भवोपायः 	 trikam/abhinavagupta-mUlam/tantrAlokaH/tantrasAraH/03_shAmbhavopAyaH/
04 	 trikam/abhinavagupta-mUlam/tantrAlokaH/tantrasAraH/00/Summary/04/
०४ 	 kAraNAgamaH_2/04/
०४ 	 kulArNava-tantram/04/
०४ 	 trikam/abhinavagupta-mUlam/tantrAlokaH/pariShkAryam/chaturvedi-rAdheshyAmaH/p2_04-07/04/
०४ 	 trikam/abhinavagupta-mUlam/tantrAlokaH/pariShkAryam/paramahaMsa-mishraH/p2_04-07/04/
०४ 	 trikam/abhinavagupta-mUlam/tantrAlokaH/sarva-prastutiH/04/
०४ 	 trikam/abhinavagupta-mUlam/tantrAlokaH/tantrasAraH/mUlam/04/
०४ 	 trikam/mAlinI-vijayottara-tantram/srotaH/paramhaMsa-mishrAnuvAdaH/04/
०४ 	 trikam/mAlinI-vijayottara-tantram/srotaH/viShnu-datta-Shastry-anuvAdaH/04/
०४ 	 trikam/netra-tantram/04/
०४ 	 trikam/svachChandatantram/04/
04 TEXTUAL REFERENCES COMPLETED BY JAYARATHA 	 trikam/abhinavagupta-mUlam/tantrAlokaH/meta/articles/rastogi-navajIvana-intro/7_APPENDICES/04_TEXTUAL_REFERENCES_COMPLETED_BY_JAYARATHA/
०४ अध्वा 	 svAyambhuvAgamaH/01_vidyApAdaH/04_adhvA/
०४ आर्द्राव्रतप्रायश्चित्तविधिपटलः 	 svAyambhuvAgamaH/04_prakIrNam/04_ArdrAvrataprAyashchittavidhipaTalaH/
०४ कालिकोपनिषत् 	 shAktaH/upaniShat/aDyAr-sankalanam/04_kAlikopaniShat/
०४ ब्रह्मकूर्चाभिषेकविधिपटलः 	 svAyambhuvAgamaH/03_uttarasvAyambhuve_prakIrNam/04_brahmakUrchAbhiShekavidhipaTalaH/
०४ मृत्युंजयविधिपटलः 	 svAyambhuvAgamaH/03_uttarasvAyambhuve_prakIrNam/02_pratiShThAtantram/04_mRtyuMjayavidhipaTalaH/
०४ मृत्युलाङ्गूलोपनिषत् 	 upaniShat/aDyAr-sankalanam/04_mRtyulAngUlopaniShat/
04 योगलक्षणधिकारः 	 trikam/mAlinI-vijayottara-tantram/sarva-prastutiH/04_yogalaxaNadhikAraH/
04 शाक्तोपायः 	 trikam/abhinavagupta-mUlam/tantrAlokaH/tantrasAraH/04_shAktopAyaH/
०४ होमविधिः 	 meru-tantram/04_homavidhiH/
०५ 	 kAraNAgamaH_2/05/
०५ 	 kulArNava-tantram/05/
०५ 	 trikam/abhinavagupta-mUlam/tantrAlokaH/pariShkAryam/chaturvedi-rAdheshyAmaH/p2_04-07/05/
०५ 	 trikam/abhinavagupta-mUlam/tantrAlokaH/pariShkAryam/paramahaMsa-mishraH/p2_04-07/05/
०५ 	 trikam/abhinavagupta-mUlam/tantrAlokaH/sarva-prastutiH/05/
०५ 	 trikam/mAlinI-vijayottara-tantram/srotaH/paramhaMsa-mishrAnuvAdaH/05/
०५ 	 trikam/mAlinI-vijayottara-tantram/srotaH/viShnu-datta-Shastry-anuvAdaH/05/
०५ 	 trikam/netra-tantram/05/
०५ 	 trikam/svachChandatantram/05/
05 TEXTS QUOTED 	 trikam/abhinavagupta-mUlam/tantrAlokaH/meta/articles/rastogi-navajIvana-intro/7_APPENDICES/05_TEXTS_QUOTED/
05 आणव-प्रकाशनम् 	 trikam/abhinavagupta-mUlam/tantrAlokaH/tantrasAraH/00/Summary/05/
05 आणव-प्रकाशनम् 	 trikam/abhinavagupta-mUlam/tantrAlokaH/tantrasAraH/05_ANava-prakAshanam/
०५ आणव-प्रकाशनम् 	 trikam/abhinavagupta-mUlam/tantrAlokaH/tantrasAraH/mUlam/05/
०५ आह्निकप्रकाशः 	 meru-tantram/05_AhnikaprakAshaH/
०५ कालीमेधादीक्षितोपनिषत् 	 shAktaH/upaniShat/aDyAr-sankalanam/05_kAlImedhAdIxitopaniShat/
०५ प्रसन्नयजनम् 	 svAyambhuvAgamaH/03_uttarasvAyambhuve_prakIrNam/05_prasannayajanam/
05 भुवनाध्वाधिकारः 	 trikam/mAlinI-vijayottara-tantram/sarva-prastutiH/05_bhuvanAdhvAdhikAraH/
०५ मार्गशीर्षकमासपूजाविधिपटलः 	 svAyambhuvAgamaH/04_prakIrNam/05_mArgashIrShakamAsapUjAvidhipaTalaH/
०५ मार्गशीर्षमास-प्रभातपूजापटलः 	 svAyambhuvAgamaH/03_uttarasvAyambhuve_prakIrNam/02_pratiShThAtantram/05_mArgashIrShamAsa-prabhAtapUjApaTalaH/
०५ रुद्रोपनिषत् 	 upaniShat/aDyAr-sankalanam/05_rudropaniShat/
06 	 trikam/abhinavagupta-mUlam/tantrAlokaH/tantrasAraH/00/Summary/06/
०६ 	 kAraNAgamaH_2/06/
०६ 	 kulArNava-tantram/06/
०६ 	 trikam/abhinavagupta-mUlam/tantrAlokaH/pariShkAryam/chaturvedi-rAdheshyAmaH/p2_04-07/06/
०६ 	 trikam/abhinavagupta-mUlam/tantrAlokaH/pariShkAryam/paramahaMsa-mishraH/p2_04-07/06/
०६ 	 trikam/abhinavagupta-mUlam/tantrAlokaH/sarva-prastutiH/06/
०६ 	 trikam/mAlinI-vijayottara-tantram/srotaH/paramhaMsa-mishrAnuvAdaH/06/
०६ 	 trikam/mAlinI-vijayottara-tantram/srotaH/viShnu-datta-Shastry-anuvAdaH/06/
०६ 	 trikam/netra-tantram/06/
०६ 	 trikam/svachChandatantram/06/
06 PERSONS NAMED AND ALSO QUOTED 	 trikam/abhinavagupta-mUlam/tantrAlokaH/meta/articles/rastogi-navajIvana-intro/7_APPENDICES/06_PERSONS_NAMED_AND_ALSO_QUOTED/
06 कालाध्वप्रकाशनम् 	 trikam/abhinavagupta-mUlam/tantrAlokaH/tantrasAraH/06_kAlAdhvaprakAshanam/
०६ कालाध्वप्रकाशनम् 	 trikam/abhinavagupta-mUlam/tantrAlokaH/tantrasAraH/mUlam/06/
०६ गायत्री-रहस्योपनिषत् 	 shAktaH/upaniShat/aDyAr-sankalanam/06_gAyatrI-rahasyopaniShat/
०६ गौरीव्रतविधिपटलः 	 svAyambhuvAgamaH/03_uttarasvAyambhuve_prakIrNam/02_pratiShThAtantram/06_gaurIvratavidhipaTalaH/
06 देहमार्गाधिकारः 	 trikam/mAlinI-vijayottara-tantram/sarva-prastutiH/06_dehamArgAdhikAraH/
०६ पुरश्चर्याप्रकाशः 	 meru-tantram/06_purashcharyAprakAshaH/
०६ पुष्यमासपूजाविधिपटलः 	 svAyambhuvAgamaH/04_prakIrNam/06_puShyamAsapUjAvidhipaTalaH/
०६ लिङ्गोपनिषत् 	 upaniShat/aDyAr-sankalanam/06_lingopaniShat/
०६ संकोचविधि 	 svAyambhuvAgamaH/03_uttarasvAyambhuve_prakIrNam/06_saMkochavidhi/
07 	 trikam/abhinavagupta-mUlam/tantrAlokaH/tantrasAraH/00/Summary/07/
०७ 	 kAraNAgamaH_2/07/
०७ 	 kulArNava-tantram/07/
०७ 	 trikam/abhinavagupta-mUlam/tantrAlokaH/pariShkAryam/chaturvedi-rAdheshyAmaH/p2_04-07/07/
०७ 	 trikam/abhinavagupta-mUlam/tantrAlokaH/pariShkAryam/paramahaMsa-mishraH/p2_04-07/07/
०७ 	 trikam/abhinavagupta-mUlam/tantrAlokaH/sarva-prastutiH/07/
०७ 	 trikam/mAlinI-vijayottara-tantram/srotaH/paramhaMsa-mishrAnuvAdaH/07/
०७ 	 trikam/mAlinI-vijayottara-tantram/srotaH/viShnu-datta-Shastry-anuvAdaH/07/
०७ 	 trikam/netra-tantram/07/
०७ 	 trikam/svachChandatantram/07/
07  देशाध्व-प्रकाशनम् 	 trikam/abhinavagupta-mUlam/tantrAlokaH/tantrasAraH/07_deshAdhva-prakAshanam/
07 SYSTEMS IDENTIFIED BY JAYARATHA 	 trikam/abhinavagupta-mUlam/tantrAlokaH/meta/articles/rastogi-navajIvana-intro/7_APPENDICES/07_SYSTEMS_IDENTIFIED_BY_JAYARATHA/
०७ गायत्र्युपनिषत् 	 shAktaH/upaniShat/aDyAr-sankalanam/07_gAyatryupaniShat/
०७ जयपूजाविधिः 	 svAyambhuvAgamaH/03_uttarasvAyambhuve_prakIrNam/02_pratiShThAtantram/07_jayapUjAvidhiH/
०७ देशाध्व-प्रकाशनम् 	 trikam/abhinavagupta-mUlam/tantrAlokaH/tantrasAraH/mUlam/07/
०७ माघमासपूजाविधिपटलः 	 svAyambhuvAgamaH/04_prakIrNam/07_mAghamAsapUjAvidhipaTalaH/
07 मुद्राधिकारः 	 trikam/mAlinI-vijayottara-tantram/sarva-prastutiH/07_mudrAdhikAraH/
०७ वज्रपञ्जरोपनिषत् 	 upaniShat/aDyAr-sankalanam/07_vajrapanjaropaniShat/
०७ सकलार्चनविधिपटलः 	 svAyambhuvAgamaH/03_uttarasvAyambhuve_prakIrNam/07_sakalArchanavidhipaTalaH/
०७ सिद्धिस्थिरीकरणप्रकाशः 	 meru-tantram/07_siddhisthirIkaraNaprakAshaH/
08 	 trikam/abhinavagupta-mUlam/tantrAlokaH/tantrasAraH/00/Summary/08/
०८ 	 kAraNAgamaH_2/08/
०८ 	 kulArNava-tantram/08/
०८ 	 trikam/abhinavagupta-mUlam/tantrAlokaH/pariShkAryam/chaturvedi-rAdheshyAmaH/p3_08-10/08/
०८ 	 trikam/abhinavagupta-mUlam/tantrAlokaH/pariShkAryam/paramahaMsa-mishraH/p3_08-09/08/
०८ 	 trikam/abhinavagupta-mUlam/tantrAlokaH/sarva-prastutiH/08/
०८ 	 trikam/mAlinI-vijayottara-tantram/srotaH/paramhaMsa-mishrAnuvAdaH/08/
०८ 	 trikam/mAlinI-vijayottara-tantram/srotaH/viShnu-datta-Shastry-anuvAdaH/08/
०८ 	 trikam/netra-tantram/08/
०८ 	 trikam/svachChandatantram/08/
08 IMPLIED PERSONAL REFERENCES IDENTIFIED BY JAYARATHA 	 trikam/abhinavagupta-mUlam/tantrAlokaH/meta/articles/rastogi-navajIvana-intro/7_APPENDICES/08_IMPLIED_PERSONAL_REFERENCES_IDENTIFIED_BY_JAYARATHA/
०८ गुह्यकाल्युपनिषत् 	 shAktaH/upaniShat/aDyAr-sankalanam/08_guhyakAlyupaniShat/
08 तत्त्व-स्वरूप-प्रकाशनम् 	 trikam/abhinavagupta-mUlam/tantrAlokaH/tantrasAraH/08_tattva-svarUpa-prakAshanam/
०८ तत्त्वस्वरूपप्रकाशनम् 	 trikam/abhinavagupta-mUlam/tantrAlokaH/tantrasAraH/mUlam/08/
०८ दीपपूजाविधिपटलः 	 svAyambhuvAgamaH/03_uttarasvAyambhuve_prakIrNam/02_pratiShThAtantram/08_dIpapUjAvidhipaTalaH/
०८ नित्यपूजाविधिप्रायश्चित्तविधिपटलः 	 svAyambhuvAgamaH/03_uttarasvAyambhuve_prakIrNam/08_nityapUjAvidhiprAyashchittavidhipaTalaH/
०८ फाल्गुनमासपूजाविधिपटलः 	 svAyambhuvAgamaH/04_prakIrNam/08_phAlgunamAsapUjAvidhipaTalaH/
०८ मुद्रालक्षणप्रकाशः 	 meru-tantram/08_mudrAlaxaNaprakAshaH/
०८ वटुकोपनिषत् 	 upaniShat/aDyAr-sankalanam/08_vaTukopaniShat/
08 समयाधिकारः 	 trikam/mAlinI-vijayottara-tantram/sarva-prastutiH/08_samayAdhikAraH/
09 	 trikam/abhinavagupta-mUlam/tantrAlokaH/tantrasAraH/00/Summary/09/
०९ 	 kAraNAgamaH_2/09/
०९ 	 kulArNava-tantram/09/
०९ 	 trikam/abhinavagupta-mUlam/tantrAlokaH/pariShkAryam/chaturvedi-rAdheshyAmaH/p3_08-10/09/
०९ 	 trikam/abhinavagupta-mUlam/tantrAlokaH/pariShkAryam/paramahaMsa-mishraH/p3_08-09/09/
०९ 	 trikam/abhinavagupta-mUlam/tantrAlokaH/sarva-prastutiH/09/
०९ 	 trikam/abhinavagupta-mUlam/tantrAlokaH/tantrasAraH/mUlam/09/
०९ 	 trikam/mAlinI-vijayottara-tantram/srotaH/paramhaMsa-mishrAnuvAdaH/09/
०९ 	 trikam/mAlinI-vijayottara-tantram/srotaH/viShnu-datta-Shastry-anuvAdaH/09/
०९ 	 trikam/netra-tantram/09/
०९ 	 trikam/svachChandatantram/09/
09 TEXTUAL CITATIONS TRACED IDENTIFIED BY JAYARATHA 	 trikam/abhinavagupta-mUlam/tantrAlokaH/meta/articles/rastogi-navajIvana-intro/7_APPENDICES/09_TEXTUAL_CITATIONS_TRACED_IDENTIFIED_BY_JAYARATHA/
09 क्रियादीक्षाधिकारः 	 trikam/mAlinI-vijayottara-tantram/sarva-prastutiH/09_kriyAdIxAdhikAraH/
०९ गुह्यषोढान्यासोपनिषत् 	 shAktaH/upaniShat/aDyAr-sankalanam/09_guhyaShoDhAnyAsopaniShat/
०९ चैत्रमासपूजाविधिपटलः 	 svAyambhuvAgamaH/04_prakIrNam/09_chaitramAsapUjAvidhipaTalaH/
09 तत्त्वभेद-प्रकाशनम् 	 trikam/abhinavagupta-mUlam/tantrAlokaH/tantrasAraH/09_tattvabheda-prakAshanam/
०९ नित्यपूजाविधिपटलः 	 svAyambhuvAgamaH/03_uttarasvAyambhuve_prakIrNam/09_nityapUjAvidhipaTalaH/
०९ पार्थिव-पूजाविधिः 	 meru-tantram/09_pArthiva-pUjAvidhiH/
०९ महाहविः-पटलः 	 svAyambhuvAgamaH/03_uttarasvAyambhuve_prakIrNam/02_pratiShThAtantram/09_mahAhaviH-paTalaH/
०९ शिवसङ्कल्पोपनिषत् वाजसनेयसंहितायाम् 	 upaniShat/aDyAr-sankalanam/09_shivasankalpopaniShat_vAjasaneyasaMhitAyAm/
1 	 shAktaH/daxiNAmnAyaH/yoginIhRdayam/padoux-jeanty/0/notes/1/
१ 	 shAktaH/daxiNAmnAyaH/nityA-ShoDashikArNavaH/bhAskara-rAya-TIkA/1/
१ 	 shiva-sUtrANi/kShemarAja-vimarshinI/1/
१ 	 shiva-sUtrANi/mUlam/1/
१ 	 shiva-sUtrANi/vasugupta-vArttikam/1/
१ 	 shiva-sUtrANi/viShaya-sangrahaH/1/
१ 	 trikam/somAnanda-shivadRShTiH/1/
1 Encounter in the Cakra 	 shAktaH/daxiNAmnAyaH/yoginIhRdayam/padoux-jeanty/1_encounter_in_the_chakra/
1 EXPLORING THE TANTRALOKA 	 trikam/abhinavagupta-mUlam/tantrAlokaH/meta/articles/rastogi-navajIvana-intro/1_EXPLORING_THE_TANTRALOKA/
1 From Mantramārga Back to Atimārga: 	 meta/articles/shaivism_and_the_Tantric_Traditions/1_Early_shaivism/1_From_mantramArga_Back_to_atimArga/
1 Ritual and Human Powers 	 meta/articles/davis_on_ritual/1_Ritual_and_Human_Powers/
१ आधार-पीठिका 	 trikam/articles/rastogi-navajIvanaH/pramANa-chintana/1_pramANa/1_AdhAra-pIThikA/
१ चक्रः 	 shAktaH/daxiNAmnAyaH/yoginIhRdayam/sarva-prastutiH/1_chakraH/
१ ज्ञानाधिकारः 	 trikam/Ishvara-pratyabhiJNA-kArikA/vimarshinI-vyAkhyA/1_jnAnAdhikAraH/
१ ज्ञानाधिकारः 	 trikam/Ishvara-pratyabhiJNA-kArikA/vimarshinI/1_jnAnAdhikAraH/
१ ज्ञानाधिकारः 	 trikam/Ishvara-pratyabhiJNA-kArikA/vRttiH/1_jnAnAdhikAraH/
१ प्रकाशकीय 	 trikam/articles/rastogi-navajIvanaH/pramANa-chintana/0/1_prakAshakIya/
10 	 trikam/abhinavagupta-mUlam/tantrAlokaH/tantrasAraH/00/Summary/10/
१० 	 kAraNAgamaH_2/10/
१० 	 kulArNava-tantram/10/
१० 	 trikam/abhinavagupta-mUlam/tantrAlokaH/pariShkAryam/chaturvedi-rAdheshyAmaH/p3_08-10/10/
१० 	 trikam/abhinavagupta-mUlam/tantrAlokaH/pariShkAryam/paramahaMsa-mishraH/p4_10-13/10/
१० 	 trikam/abhinavagupta-mUlam/tantrAlokaH/sarva-prastutiH/10/
१० 	 trikam/abhinavagupta-mUlam/tantrAlokaH/tantrasAraH/mUlam/10/
१० 	 trikam/mAlinI-vijayottara-tantram/srotaH/paramhaMsa-mishrAnuvAdaH/10/
१० 	 trikam/mAlinI-vijayottara-tantram/srotaH/viShnu-datta-Shastry-anuvAdaH/10/
१० 	 trikam/netra-tantram/10/
१० 	 trikam/svachChandatantram/10/
10 Buddhism, Kingship and the Protection of the State: The Suvarṇaprabhāsottamasūtra and Dhāraṇī Literature 	 meta/articles/shaivism_and_the_Tantric_Traditions/3_Religion_the_State_and_Social_History/10_Buddhism_Kingship_and_the_Protection_of_the_Sta/
10 PERSONAL REFERENCES IDENTIFIED BY JAYARATHA 	 trikam/abhinavagupta-mUlam/tantrAlokaH/meta/articles/rastogi-navajIvana-intro/7_APPENDICES/10_PERSONAL_REFERENCES_IDENTIFIED_BY_JAYARATHA/
10 अभिषेकाधिकारः 	 trikam/mAlinI-vijayottara-tantram/sarva-prastutiH/10_abhiShekAdhikAraH/
10 कलाद्य्-अध्व-प्रकाशनम् 	 trikam/abhinavagupta-mUlam/tantrAlokaH/tantrasAraH/10_kalAdy-adhva-prakAshanam/
१० पीताम्बरोपनिषत् 	 shAktaH/upaniShat/aDyAr-sankalanam/10_pItAmbaropaniShat/
१० पुरश्चर्याकौलिकाचार-प्रकाशः 	 meru-tantram/10_purashcharyAkaulikAchAra-prakAshaH/
१० वैशाखपूजाविधिपटलः 	 svAyambhuvAgamaH/04_prakIrNam/10_vaishAkhapUjAvidhipaTalaH/
१० व्योमव्यापि-मन्त्रार्थः 	 rauravAgamaH/01_vidyApAdaH/10_mantrArthavarNanam/
१० शिवसङ्कल्पोपनिषत् 	 upaniShat/aDyAr-sankalanam/10_shivasankalpopaniShat/
11 	 trikam/abhinavagupta-mUlam/tantrAlokaH/tantrasAraH/00/Summary/11/
११ 	 kulArNava-tantram/11/
११ 	 trikam/abhinavagupta-mUlam/tantrAlokaH/pariShkAryam/chaturvedi-rAdheshyAmaH/p4_11-20/11/
११ 	 trikam/abhinavagupta-mUlam/tantrAlokaH/pariShkAryam/paramahaMsa-mishraH/p4_10-13/11/
११ 	 trikam/abhinavagupta-mUlam/tantrAlokaH/sarva-prastutiH/11/
११ 	 trikam/abhinavagupta-mUlam/tantrAlokaH/tantrasAraH/mUlam/11/
११ 	 trikam/mAlinI-vijayottara-tantram/srotaH/paramhaMsa-mishrAnuvAdaH/11/
११ 	 trikam/mAlinI-vijayottara-tantram/srotaH/viShnu-datta-Shastry-anuvAdaH/11/
११ 	 trikam/netra-tantram/11/
११ 	 trikam/svachChandatantram/11/
11 Adapting Śaiva Tantric Initiation for Exoteric Circles: The Lokadharmiṇī Dīkṣā and Its History in Early Medieval Sources 	 meta/articles/shaivism_and_the_Tantric_Traditions/3_Religion_the_State_and_Social_History/11_Adapting_shaiva_Tantric_Initiation_for_Exoteric/
11 FIRST PERSONAL REFERENCES IN THE TANTRALOKA 	 trikam/abhinavagupta-mUlam/tantrAlokaH/meta/articles/rastogi-navajIvana-intro/7_APPENDICES/11_FIRST_PERSONAL_REFERENCES_IN_THE_TANTRALOKA/
११ कलिसंस्थितसविधि-मन्त्रकथनं 	 meru-tantram/11_kalisaMsthitasavidhi-mantrakathanaM/
११ ज्येष्ठमासपूजाविधिपटलः 	 svAyambhuvAgamaH/04_prakIrNam/11_jyeShThamAsapUjAvidhipaTalaH/
11 दीक्षाधिकारः 	 trikam/mAlinI-vijayottara-tantram/sarva-prastutiH/11_dIxAdhikAraH/
११ राजश्यामलारहस्योपनिषत् 	 shAktaH/upaniShat/aDyAr-sankalanam/11_rAjashyAmalArahasyopaniShat/
11 शक्तिपात-प्रकाशनम् 	 trikam/abhinavagupta-mUlam/tantrAlokaH/tantrasAraH/11_shaktipAta-prakAshanam/
११ शिवोपनिषत् 	 upaniShat/aDyAr-sankalanam/11_shivopaniShat/
12 	 trikam/abhinavagupta-mUlam/tantrAlokaH/tantrasAraH/00/Summary/12/
१२ 	 kulArNava-tantram/12/
१२ 	 trikam/abhinavagupta-mUlam/tantrAlokaH/pariShkAryam/chaturvedi-rAdheshyAmaH/p4_11-20/12/
१२ 	 trikam/abhinavagupta-mUlam/tantrAlokaH/pariShkAryam/paramahaMsa-mishraH/p4_10-13/12/
१२ 	 trikam/abhinavagupta-mUlam/tantrAlokaH/sarva-prastutiH/12/
१२ 	 trikam/abhinavagupta-mUlam/tantrAlokaH/tantrasAraH/mUlam/12/
१२ 	 trikam/mAlinI-vijayottara-tantram/srotaH/paramhaMsa-mishrAnuvAdaH/12/
१२ 	 trikam/mAlinI-vijayottara-tantram/srotaH/viShnu-datta-Shastry-anuvAdaH/12/
१२ 	 trikam/netra-tantram/12/
१२ 	 trikam/svachChandatantram/12/
12 AGAMAS FORMING ONE GROUP 	 trikam/abhinavagupta-mUlam/tantrAlokaH/meta/articles/rastogi-navajIvana-intro/7_APPENDICES/12_AGAMAS_FORMING_ONE_GROUP/
12 Innovation and Social Change in the Vale of Kashmir, circa 900–1250 C E 	 meta/articles/shaivism_and_the_Tantric_Traditions/3_Religion_the_State_and_Social_History/12_Innovation_and_Social_Change_in_the_Vale_of_Kas/
१२ आषाढपूजाविधिपटलः 	 svAyambhuvAgamaH/04_prakIrNam/12_AShADhapUjAvidhipaTalaH/
१२ कलिप्रत्ययवेदमन्त्रप्रकाशः 	 meru-tantram/12_kalipratyayavedamantraprakAshaH/
12 प्रथमधारणाधिकारः 	 trikam/mAlinI-vijayottara-tantram/sarva-prastutiH/12_prathamadhAraNAdhikAraH/
१२ वनदुर्गोपनिषत् 	 shAktaH/upaniShat/aDyAr-sankalanam/12_vanadurgopaniShat/
१२ सदानन्दोपनिषत् 	 upaniShat/aDyAr-sankalanam/12_sadAnandopaniShat/
12 स्नान-प्रकाशनम् 	 trikam/abhinavagupta-mUlam/tantrAlokaH/tantrasAraH/12_snAna-prakAshanam/
13 	 trikam/abhinavagupta-mUlam/tantrAlokaH/tantrasAraH/00/Summary/13/
१३ 	 kulArNava-tantram/13/
१३ 	 trikam/abhinavagupta-mUlam/tantrAlokaH/pariShkAryam/chaturvedi-rAdheshyAmaH/p4_11-20/13/
१३ 	 trikam/abhinavagupta-mUlam/tantrAlokaH/pariShkAryam/paramahaMsa-mishraH/p4_10-13/13/
१३ 	 trikam/abhinavagupta-mUlam/tantrAlokaH/sarva-prastutiH/13/
१३ 	 trikam/abhinavagupta-mUlam/tantrAlokaH/tantrasAraH/mUlam/13/
१३ 	 trikam/mAlinI-vijayottara-tantram/srotaH/paramhaMsa-mishrAnuvAdaH/13/
१३ 	 trikam/mAlinI-vijayottara-tantram/srotaH/viShnu-datta-Shastry-anuvAdaH/13/
१३ 	 trikam/netra-tantram/13/
१३ 	 trikam/svachChandatantram/13/
13 Toward a History of the Navarātra, the Autumnal Festival of the Goddess 	 meta/articles/shaivism_and_the_Tantric_Traditions/3_Religion_the_State_and_Social_History/13_Toward_a_History_of_the_navarAtra_the_Autumnal/
१३ नवग्रहकथनप्रकाशः 	 meru-tantram/13_navagrahakathanaprakAshaH/
13 भूतजयाधिकारः 	 trikam/mAlinI-vijayottara-tantram/sarva-prastutiH/13_bhUtajayAdhikAraH/
१३ श्यामोपनिषत् 	 shAktaH/upaniShat/aDyAr-sankalanam/13_shyAmopaniShat/
१३ श्रावणपूजाविधिपटलः 	 svAyambhuvAgamaH/04_prakIrNam/13_shrAvaNapUjAvidhipaTalaH/
13 समयि-दीक्षा 	 trikam/abhinavagupta-mUlam/tantrAlokaH/tantrasAraH/13_samayi-dIxA/
१३ सिद्धान्तशिखोपनिषत् 	 upaniShat/aDyAr-sankalanam/13_siddhAntashikhopaniShat/
13A TEXTS QUOTED BY JAYARATHA 	 trikam/abhinavagupta-mUlam/tantrAlokaH/meta/articles/rastogi-navajIvana-intro/7_APPENDICES/13A_TEXTS_QUOTED_BY_JAYARATHA/
13B BHAIRAVA TANTRAS 	 trikam/abhinavagupta-mUlam/tantrAlokaH/meta/articles/rastogi-navajIvana-intro/7_APPENDICES/13B_BHAIRAVA_TANTRAS/
14 	 trikam/abhinavagupta-mUlam/tantrAlokaH/tantrasAraH/00/Summary/14/
१४ 	 kulArNava-tantram/14/
१४ 	 trikam/abhinavagupta-mUlam/tantrAlokaH/pariShkAryam/chaturvedi-rAdheshyAmaH/p4_11-20/14/
१४ 	 trikam/abhinavagupta-mUlam/tantrAlokaH/pariShkAryam/paramahaMsa-mishraH/p5_14-15/14/
१४ 	 trikam/abhinavagupta-mUlam/tantrAlokaH/sarva-prastutiH/14/
१४ 	 trikam/abhinavagupta-mUlam/tantrAlokaH/tantrasAraH/mUlam/14/
१४ 	 trikam/mAlinI-vijayottara-tantram/srotaH/paramhaMsa-mishrAnuvAdaH/14/
१४ 	 trikam/mAlinI-vijayottara-tantram/srotaH/viShnu-datta-Shastry-anuvAdaH/14/
१४ 	 trikam/netra-tantram/14/
१४ 	 trikam/svachChandatantram/14/
14 PERSONS* NAMED BY JAYARATHA 	 trikam/abhinavagupta-mUlam/tantrAlokaH/meta/articles/rastogi-navajIvana-intro/7_APPENDICES/14_PERSONS_NAMED_BY_JAYARATHA/
14 Śārikā’s Mantra 	 meta/articles/shaivism_and_the_Tantric_Traditions/4_Mantra_Ritual_and_Yoga/14_shArikAs_Mantra/
14 तन्मात्रधारणाधिकारः 	 trikam/mAlinI-vijayottara-tantram/sarva-prastutiH/14_tanmAtradhAraNAdhikAraH/
14 पुत्रक-दीक्षा 	 trikam/abhinavagupta-mUlam/tantrAlokaH/tantrasAraH/14_putraka-dIxA/
१४ प्रत्यङ्गिरामन्त्रकथनप्रकाशः 	 meru-tantram/14_pratyangirAmantrakathanaprakAshaH/
१४ भाद्रपदमासपूजाविधिपटलः 	 svAyambhuvAgamaH/04_prakIrNam/14_bhAdrapadamAsapUjAvidhipaTalaH/
१४ श्रीचक्रोपनिषत् 	 shAktaH/upaniShat/aDyAr-sankalanam/14_shrIchakropaniShat/
१४ सिद्धान्तसारोपनिषत् 	 upaniShat/aDyAr-sankalanam/14_siddhAntasAropaniShat/
15 	 trikam/abhinavagupta-mUlam/tantrAlokaH/tantrasAraH/00/Summary/15/
१५ 	 kulArNava-tantram/15/
१५ 	 trikam/abhinavagupta-mUlam/tantrAlokaH/pariShkAryam/chaturvedi-rAdheshyAmaH/p4_11-20/15/
१५ 	 trikam/abhinavagupta-mUlam/tantrAlokaH/pariShkAryam/paramahaMsa-mishraH/p5_14-15/15/
१५ 	 trikam/abhinavagupta-mUlam/tantrAlokaH/sarva-prastutiH/15/
१५ 	 trikam/abhinavagupta-mUlam/tantrAlokaH/tantrasAraH/mUlam/15/
१५ 	 trikam/mAlinI-vijayottara-tantram/srotaH/paramhaMsa-mishrAnuvAdaH/15/
१५ 	 trikam/mAlinI-vijayottara-tantram/srotaH/viShnu-datta-Shastry-anuvAdaH/15/
१५ 	 trikam/netra-tantram/15/
१५ 	 trikam/svachChandatantram/15/
15 SYSTEMS REFERRED BY JAYARATHA 	 trikam/abhinavagupta-mUlam/tantrAlokaH/meta/articles/rastogi-navajIvana-intro/7_APPENDICES/15_SYSTEMS_REFERRED_BY_JAYARATHA/
15 The Kāmasiddhistuti of King Vatsarāja 	 meta/articles/shaivism_and_the_Tantric_Traditions/4_Mantra_Ritual_and_Yoga/15_The_kAmasiddhistuti_of_King_vatsarAja/
15 अक्षधारणाधिकारः 	 trikam/mAlinI-vijayottara-tantram/sarva-prastutiH/15_axadhAraNAdhikAraH/
१५ तुलामासपूजाविधिपटलः 	 svAyambhuvAgamaH/04_prakIrNam/15_tulAmAsapUjAvidhipaTalaH/
१५ वैदिकयन्त्रकथनप्रकाशः 	 meru-tantram/15_vaidikayantrakathanaprakAshaH/
१५ श्रीविद्यातारकोपनिषत् 	 shAktaH/upaniShat/aDyAr-sankalanam/15_shrIvidyAtArakopaniShat/
15 सप्रत्यय-दीक्षा 	 trikam/abhinavagupta-mUlam/tantrAlokaH/tantrasAraH/15_sapratyaya-dIxA/
१५ हेरम्बोपनिषत् 	 upaniShat/aDyAr-sankalanam/15_herambopaniShat/
16 	 trikam/abhinavagupta-mUlam/tantrAlokaH/tantrasAraH/00/Summary/16/
१६ 	 kulArNava-tantram/16/
१६ 	 trikam/abhinavagupta-mUlam/tantrAlokaH/pariShkAryam/chaturvedi-rAdheshyAmaH/p4_11-20/16/
१६ 	 trikam/abhinavagupta-mUlam/tantrAlokaH/pariShkAryam/paramahaMsa-mishraH/p6_16-27/16/
१६ 	 trikam/abhinavagupta-mUlam/tantrAlokaH/sarva-prastutiH/16/
१६ 	 trikam/abhinavagupta-mUlam/tantrAlokaH/tantrasAraH/mUlam/16/
१६ 	 trikam/mAlinI-vijayottara-tantram/srotaH/paramhaMsa-mishrAnuvAdaH/16/
१६ 	 trikam/mAlinI-vijayottara-tantram/srotaH/viShnu-datta-Shastry-anuvAdaH/16/
१६ 	 trikam/netra-tantram/16/
16 padmamālā, śaktitantu in Brahmayāmala 	 meta/articles/shaivism_and_the_Tantric_Traditions/4_Mantra_Ritual_and_Yoga/16_padmamAlA_shaktitantu_in_brahmayAmala/
16 UNSPECIFIED CITATIONS / REFERENCES IN JAYARATHA* 	 trikam/abhinavagupta-mUlam/tantrAlokaH/meta/articles/rastogi-navajIvana-intro/7_APPENDICES/16_UNSPECIFIED_CITATIONS_REFERENCES_IN_JAYARATHA/
१६ कृत्तिकापूजाविधिपटलः 	 svAyambhuvAgamaH/04_prakIrNam/16_kRttikApUjAvidhipaTalaH/
१६ दक्षिणाम्नायगणपतिमन्त्रप्रकाशः 	 meru-tantram/16_daxiNAmnAyagaNapatimantraprakAshaH/
16 धारणाधिकारः 	 trikam/mAlinI-vijayottara-tantram/sarva-prastutiH/16_dhAraNAdhikAraH/
16 परोक्ष-दीक्षा 	 trikam/abhinavagupta-mUlam/tantrAlokaH/tantrasAraH/16_paroxa-dIxA/
१६ षोढोपनिषत् 	 shAktaH/upaniShat/aDyAr-sankalanam/16_ShoDhopaniShat/
17 	 trikam/abhinavagupta-mUlam/tantrAlokaH/tantrasAraH/00/Summary/17/
१७ 	 kulArNava-tantram/17/
१७ 	 trikam/abhinavagupta-mUlam/tantrAlokaH/pariShkAryam/chaturvedi-rAdheshyAmaH/p4_11-20/17/
१७ 	 trikam/abhinavagupta-mUlam/tantrAlokaH/pariShkAryam/paramahaMsa-mishraH/p6_16-27/17/
१७ 	 trikam/abhinavagupta-mUlam/tantrAlokaH/sarva-prastutiH/17/
१७ 	 trikam/abhinavagupta-mUlam/tantrAlokaH/tantrasAraH/mUlam/17/
१७ 	 trikam/mAlinI-vijayottara-tantram/srotaH/paramhaMsa-mishrAnuvAdaH/17/
१७ 	 trikam/mAlinI-vijayottara-tantram/srotaH/viShnu-datta-Shastry-anuvAdaH/17/
१७ 	 trikam/netra-tantram/17/
17 SANSKIT TOC 	 trikam/abhinavagupta-mUlam/tantrAlokaH/meta/articles/rastogi-navajIvana-intro/7_APPENDICES/17_SANSKIT_TOC/
17 The Amṛtasiddhi: Haṭhayoga’s Tantric Buddhist Source Text 	 meta/articles/shaivism_and_the_Tantric_Traditions/4_Mantra_Ritual_and_Yoga/17_The_amRtasiddhi_haThayogas_Tantric_Buddhist_Sou/
१७ ऊर्ध्वाम्नायगणपतिमन्त्रप्रकाशः 	 meru-tantram/17_UrdhvAmnAyagaNapatimantraprakAshaH/
17 लिङ्गोद्धरणम् 	 trikam/abhinavagupta-mUlam/tantrAlokaH/tantrasAraH/17_lingoddharaNam/
17 षडङ्गयोगाधिकारः 	 trikam/mAlinI-vijayottara-tantram/sarva-prastutiH/17_ShaDangayogAdhikAraH/
१७ सर्वप्रायश्चित्तविधिपटलः 	 svAyambhuvAgamaH/04_prakIrNam/17_sarvaprAyashchittavidhipaTalaH/
१७ सुमुख्युपनिषत् 	 shAktaH/upaniShat/aDyAr-sankalanam/17_sumukhyupaniShat/
18 	 trikam/abhinavagupta-mUlam/tantrAlokaH/tantrasAraH/00/Summary/18/
१८ 	 trikam/abhinavagupta-mUlam/tantrAlokaH/pariShkAryam/chaturvedi-rAdheshyAmaH/p4_11-20/18/
१८ 	 trikam/abhinavagupta-mUlam/tantrAlokaH/pariShkAryam/paramahaMsa-mishraH/p6_16-27/18/
१८ 	 trikam/abhinavagupta-mUlam/tantrAlokaH/sarva-prastutiH/18/
१८ 	 trikam/abhinavagupta-mUlam/tantrAlokaH/tantrasAraH/mUlam/18/
१८ 	 trikam/mAlinI-vijayottara-tantram/srotaH/paramhaMsa-mishrAnuvAdaH/18/
१८ 	 trikam/mAlinI-vijayottara-tantram/srotaH/viShnu-datta-Shastry-anuvAdaH/18/
१८ 	 trikam/netra-tantram/18/
18 A Sexual Ritual with Māyā in 	 meta/articles/shaivism_and_the_Tantric_Traditions/4_Mantra_Ritual_and_Yoga/18_A_Sexual_Ritual_with_mAyA_in/
18 WORD-INDEX 	 trikam/abhinavagupta-mUlam/tantrAlokaH/meta/articles/rastogi-navajIvana-intro/7_APPENDICES/18_WORD-INDEX/
18 अभिषेक-प्रकाशनम् 	 trikam/abhinavagupta-mUlam/tantrAlokaH/tantrasAraH/18_abhiSheka-prakAshanam/
18 परमविद्याधिकारः 	 trikam/mAlinI-vijayottara-tantram/sarva-prastutiH/18_paramavidyAdhikAraH/
१८ पूर्वाम्नायगणपतिमन्त्रप्रकाशः 	 meru-tantram/18_pUrvAmnAyagaNapatimantraprakAshaH/
१८ संकोचविधिपटलः 	 svAyambhuvAgamaH/04_prakIrNam/18_saMkochavidhipaTalaH/
१८ हंसषोढोपनिषत् 	 shAktaH/upaniShat/aDyAr-sankalanam/18_haMsaShoDhopaniShat/
19 	 trikam/abhinavagupta-mUlam/tantrAlokaH/tantrasAraH/00/Summary/19/
१९ 	 trikam/abhinavagupta-mUlam/tantrAlokaH/pariShkAryam/chaturvedi-rAdheshyAmaH/p4_11-20/19/
१९ 	 trikam/abhinavagupta-mUlam/tantrAlokaH/pariShkAryam/paramahaMsa-mishraH/p6_16-27/19/
१९ 	 trikam/abhinavagupta-mUlam/tantrAlokaH/sarva-prastutiH/19/
१९ 	 trikam/abhinavagupta-mUlam/tantrAlokaH/tantrasAraH/mUlam/19/
१९ 	 trikam/mAlinI-vijayottara-tantram/srotaH/viShnu-datta-Shastry-anuvAdaH/19/
१९ 	 trikam/netra-tantram/19/
19 CORRECTIONS 	 trikam/abhinavagupta-mUlam/tantrAlokaH/meta/articles/rastogi-navajIvana-intro/7_APPENDICES/19_CORRECTIONS/
19 Haṭhayoga’s Floruit on the Eve of Colonialism Jason Birch 	 meta/articles/shaivism_and_the_Tantric_Traditions/4_Mantra_Ritual_and_Yoga/19_haThayogas_Floruit_on_the_Eve_of_Colonialism_Ja/
१९ अरुणपूजाविधिपटलः 	 svAyambhuvAgamaH/04_prakIrNam/19_aruNapUjAvidhipaTalaH/
19 कुलचक्राधिकारः 	 trikam/mAlinI-vijayottara-tantram/sarva-prastutiH/19_kulachakrAdhikAraH/
१९ पश्चिमाम्नाय-गणपतिमन्त्रकथनम् 	 meru-tantram/19_pashchimAmnAya-gaNapatimantrakathanam/
19 श्राद्ध-दीक्षा 	 trikam/abhinavagupta-mUlam/tantrAlokaH/tantrasAraH/19_shrAddha-dIxA/
1st person rudra experience 	 meta/articles/MT/first-person-rudra-experience/
2 	 shAktaH/daxiNAmnAyaH/yoginIhRdayam/padoux-jeanty/0/notes/2/
२ 	 kAmikAgamaH/2/
२ 	 shAktaH/daxiNAmnAyaH/nityA-ShoDashikArNavaH/bhAskara-rAya-TIkA/2/
२ 	 shiva-sUtrANi/kShemarAja-vimarshinI/2/
२ 	 shiva-sUtrANi/mUlam/2/
२ 	 shiva-sUtrANi/viShaya-sangrahaH/2/
२ 	 trikam/somAnanda-shivadRShTiH/2/
2 ABOUT THE AUTHOR ABHINAVAGUPTA 	 trikam/abhinavagupta-mUlam/tantrAlokaH/meta/articles/rastogi-navajIvana-intro/2_ABOUT_THE_AUTHOR_ABHINAVAGUPTA/
2 Encounter in the Mantra 	 shAktaH/daxiNAmnAyaH/yoginIhRdayam/padoux-jeanty/2_encounter_in_the_mantra/
2 Oscillation in the Ritual Universe 	 meta/articles/davis_on_ritual/2_Oscillation_in_the_Ritual_Universe/
2 Why Are the Skull-Bearers (Kāpālikas) Called Soma? 	 meta/articles/shaivism_and_the_Tantric_Traditions/1_Early_shaivism/2_Why_Are_the_Skull-Bearers_kApAlikas_Called_Soma/
२ आमुख 	 trikam/articles/rastogi-navajIvanaH/pramANa-chintana/0/2_Amukha/
२ क्रियाधिकारः 	 trikam/Ishvara-pratyabhiJNA-kArikA/vimarshinI-vyAkhyA/2_kriyAdhikAraH/
२ क्रियाधिकारः 	 trikam/Ishvara-pratyabhiJNA-kArikA/vimarshinI/2_kriyAdhikAraH/
२ क्रियाधिकारः 	 trikam/Ishvara-pratyabhiJNA-kArikA/vRttiH/2_kriyAdhikAraH/
२ प्रमाण-चिन्तन 	 trikam/articles/rastogi-navajIvanaH/pramANa-chintana/1_pramANa/2_pramANa-chintana/
२ मन्त्रः 	 shAktaH/daxiNAmnAyaH/yoginIhRdayam/sarva-prastutiH/2_mantraH/
२ सहजविद्योदयः 	 shiva-sUtrANi/vasugupta-vArttikam/2_sahajavidyodayaH/
20 	 trikam/abhinavagupta-mUlam/tantrAlokaH/tantrasAraH/00/Summary/20/
२० 	 trikam/abhinavagupta-mUlam/tantrAlokaH/pariShkAryam/chaturvedi-rAdheshyAmaH/p4_11-20/20/
२० 	 trikam/abhinavagupta-mUlam/tantrAlokaH/pariShkAryam/paramahaMsa-mishraH/p6_16-27/20/
२० 	 trikam/abhinavagupta-mUlam/tantrAlokaH/sarva-prastutiH/20/
२० 	 trikam/abhinavagupta-mUlam/tantrAlokaH/tantrasAraH/mUlam/20/
२० 	 trikam/mAlinI-vijayottara-tantram/srotaH/paramhaMsa-mishrAnuvAdaH/20/
२० 	 trikam/mAlinI-vijayottara-tantram/srotaH/viShnu-datta-Shastry-anuvAdaH/20/
२० 	 trikam/netra-tantram/20/
20 KSTS TO MLBD TABLE OF CONVERSION 	 trikam/abhinavagupta-mUlam/tantrAlokaH/meta/articles/rastogi-navajIvana-intro/7_APPENDICES/20_KSTS_TO_MLBD_TABLE_OF_CONVERSION/
20 The Early Śaiva Maṭha: Form and Function 	 meta/articles/shaivism_and_the_Tantric_Traditions/5_Art_and_Architecture/20_The_Early_shaiva_maTha_Form_and_Function/
२० उत्तराम्नाय-गणपति-मन्त्र-कथनं 	 meru-tantram/20_uttarAmnAya-gaNapati-mantra-kathanaM/
२० उत्सवविधिपटलः 	 svAyambhuvAgamaH/04_prakIrNam/20_utsavavidhipaTalaH/
20 शेष-वर्तन-प्रकाशनम् 	 trikam/abhinavagupta-mUlam/tantrAlokaH/tantrasAraH/20_sheSha-vartana-prakAshanam/
20 सर्वमन्त्रनिर्णयः 	 trikam/mAlinI-vijayottara-tantram/sarva-prastutiH/20_sarvamantranirNayaH/
21 	 trikam/abhinavagupta-mUlam/tantrAlokaH/tantrasAraH/00/Summary/21/
२१ 	 trikam/abhinavagupta-mUlam/tantrAlokaH/pariShkAryam/chaturvedi-rAdheshyAmaH/p5_21-37/21/
२१ 	 trikam/abhinavagupta-mUlam/tantrAlokaH/pariShkAryam/paramahaMsa-mishraH/p6_16-27/21/
२१ 	 trikam/abhinavagupta-mUlam/tantrAlokaH/sarva-prastutiH/21/
२१ 	 trikam/abhinavagupta-mUlam/tantrAlokaH/tantrasAraH/mUlam/21/
२१ 	 trikam/mAlinI-vijayottara-tantram/srotaH/paramhaMsa-mishrAnuvAdaH/21/
२१ 	 trikam/mAlinI-vijayottara-tantram/srotaH/viShnu-datta-Shastry-anuvAdaH/21/
२१ 	 trikam/netra-tantram/21/
21 Kriyāsaṃgrahapañjikā 	 meta/articles/shaivism_and_the_Tantric_Traditions/5_Art_and_Architecture/21_kriyAsaMgrahapanjikA/
21 आगम-प्रामाण्य-प्रकाशनम् 	 trikam/abhinavagupta-mUlam/tantrAlokaH/tantrasAraH/21_Agama-prAmANya-prakAshanam/
21 चन्द्राकृष्ट्यधिकारः 	 trikam/mAlinI-vijayottara-tantram/sarva-prastutiH/21_chandrAkRShTyadhikAraH/
२१ शक्त्युत्सवविधिपटलः 	 svAyambhuvAgamaH/04_prakIrNam/21_shaktyutsavavidhipaTalaH/
२१ सूर्य्यमन्त्रप्रकाशः 	 meru-tantram/21_sUryyamantraprakAshaH/
22 	 trikam/abhinavagupta-mUlam/tantrAlokaH/tantrasAraH/00/Summary/22/
२२ 	 trikam/abhinavagupta-mUlam/tantrAlokaH/pariShkAryam/chaturvedi-rAdheshyAmaH/p5_21-37/22/
२२ 	 trikam/abhinavagupta-mUlam/tantrAlokaH/pariShkAryam/paramahaMsa-mishraH/p6_16-27/22/
२२ 	 trikam/abhinavagupta-mUlam/tantrAlokaH/sarva-prastutiH/22/
२२ 	 trikam/abhinavagupta-mUlam/tantrAlokaH/tantrasAraH/mUlam/22/
२२ 	 trikam/mAlinI-vijayottara-tantram/srotaH/paramhaMsa-mishrAnuvAdaH/22/
२२ 	 trikam/mAlinI-vijayottara-tantram/srotaH/viShnu-datta-Shastry-anuvAdaH/22/
२२ 	 trikam/netra-tantram/22/
22 Mañjuśrī as Ādibuddha: The Identity of an Eight armed Form of Mañjuśrī Found in Early Western Himalayan Buddhist Art in the Light of Three Nāmasaṃgīti-Related Texts 	 meta/articles/shaivism_and_the_Tantric_Traditions/5_Art_and_Architecture/22_manjushrI_as_Adibuddha_The_Identity_of_an_Eight/
22 कुल-याग-प्रकाशनम् 	 trikam/abhinavagupta-mUlam/tantrAlokaH/tantrasAraH/22_kula-yAga-prakAshanam/
२२ नवग्रहप्रकाशः 	 meru-tantram/22_navagrahaprakAshaH/
२२ वैवाह्यविधिपटलः 	 svAyambhuvAgamaH/04_prakIrNam/22_vaivAhyavidhipaTalaH/
22 सूर्याकृष्ट्यधिकारः 	 trikam/mAlinI-vijayottara-tantram/sarva-prastutiH/22_sUryAkRShTyadhikAraH/
२३ 	 trikam/abhinavagupta-mUlam/tantrAlokaH/pariShkAryam/chaturvedi-rAdheshyAmaH/p5_21-37/23/
२३ 	 trikam/abhinavagupta-mUlam/tantrAlokaH/pariShkAryam/paramahaMsa-mishraH/p6_16-27/23/
२३ 	 trikam/abhinavagupta-mUlam/tantrAlokaH/sarva-prastutiH/23/
२३ 	 trikam/mAlinI-vijayottara-tantram/srotaH/viShnu-datta-Shastry-anuvAdaH/23/
23 Life and Afterlife of Sādṛśya: Revisiting the Citrasūtra through the Nationalism-Naturalism Debate in Indian Art History 	 meta/articles/shaivism_and_the_Tantric_Traditions/5_Art_and_Architecture/23_Life_and_Afterlife_of_sAdRshya_Revisiting_the_c/
23 अन्तिमः 	 trikam/mAlinI-vijayottara-tantram/sarva-prastutiH/23_antimaH/
२३ ब्राह्माद्यष्टमातृकामन्त्रप्रकाशस् 	 meru-tantram/23_brAhmAdyaShTamAtRkAmantraprakAshas/
२३ स्नानविधिपटलः 	 svAyambhuvAgamaH/04_prakIrNam/23_snAnavidhipaTalaH/
२४ 	 trikam/abhinavagupta-mUlam/tantrAlokaH/pariShkAryam/chaturvedi-rAdheshyAmaH/p5_21-37/24/
२४ 	 trikam/abhinavagupta-mUlam/tantrAlokaH/pariShkAryam/paramahaMsa-mishraH/p6_16-27/24/
२४ 	 trikam/abhinavagupta-mUlam/tantrAlokaH/sarva-prastutiH/24/
२४ दशदिगीशमन्त्रप्रकाशः 	 meru-tantram/24_dashadigIshamantraprakAshaH/
२४ प्रथमेष्टकः पटलः 	 svAyambhuvAgamaH/02_uttarasUtram/24_prathameShTakaH_paTalaH/
२४ शिवपूजाविधिपटलः 	 svAyambhuvAgamaH/04_prakIrNam/24_shivapUjAvidhipaTalaH/
२५ 	 trikam/abhinavagupta-mUlam/tantrAlokaH/pariShkAryam/chaturvedi-rAdheshyAmaH/p5_21-37/25/
२५ 	 trikam/abhinavagupta-mUlam/tantrAlokaH/pariShkAryam/paramahaMsa-mishraH/p6_16-27/25/
२५ 	 trikam/abhinavagupta-mUlam/tantrAlokaH/sarva-prastutiH/25/
२५ दीपविधिप्रकाशः 	 meru-tantram/25_dIpavidhiprakAshaH/
२५ मुद्रालक्षणपटलः 	 svAyambhuvAgamaH/04_prakIrNam/25_mudrAlaxaNapaTalaH/
२६ 	 trikam/abhinavagupta-mUlam/tantrAlokaH/pariShkAryam/chaturvedi-rAdheshyAmaH/p5_21-37/26/
२६ 	 trikam/abhinavagupta-mUlam/tantrAlokaH/pariShkAryam/paramahaMsa-mishraH/p6_16-27/26/
२६ 	 trikam/abhinavagupta-mUlam/tantrAlokaH/sarva-prastutiH/26/
२६ गर्भन्यासपटलः 	 svAyambhuvAgamaH/02_uttarasUtram/26_garbhanyAsapaTalaH/
२६ दशावतारमन्त्रप्रकाशः 	 meru-tantram/26_dashAvatAramantraprakAshaH/
२६ शिवरात्रिपूजाविधिपटलः 	 svAyambhuvAgamaH/04_prakIrNam/26_shivarAtripUjAvidhipaTalaH/
२७ 	 trikam/abhinavagupta-mUlam/tantrAlokaH/pariShkAryam/chaturvedi-rAdheshyAmaH/p5_21-37/27/
२७ 	 trikam/abhinavagupta-mUlam/tantrAlokaH/pariShkAryam/paramahaMsa-mishraH/p6_16-27/27/
२७ 	 trikam/abhinavagupta-mUlam/tantrAlokaH/sarva-prastutiH/27/
२७ कृत्तिकादीपपटलः 	 svAyambhuvAgamaH/04_prakIrNam/27_kRttikAdIpapaTalaH/
२७ चतुर्विंशतिमूर्तिमनुकथनं 	 meru-tantram/27_chaturviMshatimUrtimanukathanaM/
२७ प्रासादलक्षणम् 	 svAyambhuvAgamaH/02_uttarasUtram/27_prAsAdalaxaNam/
२८ 	 trikam/abhinavagupta-mUlam/tantrAlokaH/pariShkAryam/chaturvedi-rAdheshyAmaH/p5_21-37/28/
२८ 	 trikam/abhinavagupta-mUlam/tantrAlokaH/pariShkAryam/paramahaMsa-mishraH/p7_28-29/28/
२८ 	 trikam/abhinavagupta-mUlam/tantrAlokaH/sarva-prastutiH/28/
२८ मयमते यानाधिकाराध्यायः 	 svAyambhuvAgamaH/04_prakIrNam/28_mayamate_yAnAdhikArAdhyAyaH/
२८ मूर्धकाष्टकःपटलः 	 svAyambhuvAgamaH/02_uttarasUtram/28_mUrdhakAShTakaHpaTalaH/
२८ विष्णुप्रियमन्त्रकथनं 	 meru-tantram/28_viShNupriyamantrakathanaM/
२९ 	 trikam/abhinavagupta-mUlam/tantrAlokaH/pariShkAryam/chaturvedi-rAdheshyAmaH/p5_21-37/29/
२९ 	 trikam/abhinavagupta-mUlam/tantrAlokaH/pariShkAryam/paramahaMsa-mishraH/p7_28-29/29/
२९ 	 trikam/abhinavagupta-mUlam/tantrAlokaH/sarva-prastutiH/29/
२९ आयुधमन्त्रकथनं 	 meru-tantram/29_AyudhamantrakathanaM/
२९ गौतममते यानसंहितायां रथमानम् 	 svAyambhuvAgamaH/04_prakIrNam/29_gautamamate_yAnasaMhitAyAM_rathamAnam/
२९ लिङ्गलक्षणम् 	 svAyambhuvAgamaH/02_uttarasUtram/29_lingalaxaNam/
3 	 shAktaH/daxiNAmnAyaH/yoginIhRdayam/padoux-jeanty/0/notes/3/
३ 	 shAktaH/daxiNAmnAyaH/nityA-ShoDashikArNavaH/bhAskara-rAya-TIkA/3/
३ 	 shiva-sUtrANi/kShemarAja-vimarshinI/3/
३ 	 shiva-sUtrANi/mUlam/3/
३ 	 shiva-sUtrANi/viShaya-sangrahaH/3/
३ 	 trikam/somAnanda-shivadRShTiH/3/
3 ABOUT THE COMMENTATOR JAYARATHA 	 trikam/abhinavagupta-mUlam/tantrAlokaH/meta/articles/rastogi-navajIvana-intro/3_ABOUT_THE_COMMENTATOR_JAYARATHA/
3 Becoming a Siva 	 meta/articles/davis_on_ritual/3_Becoming_a_Siva/
3 Dressing for Power 	 meta/articles/shaivism_and_the_Tantric_Traditions/1_Early_shaivism/3_Dressing_for_Power/
3 Encounter in the Worship 	 shAktaH/daxiNAmnAyaH/yoginIhRdayam/padoux-jeanty/3_encounter_in_the_Worship/
३ आगमाधिकारः 	 trikam/Ishvara-pratyabhiJNA-kArikA/vimarshinI-vyAkhyA/3_AgamAdhikAraH/
३ आगमाधिकारः 	 trikam/Ishvara-pratyabhiJNA-kArikA/vimarshinI/3_AgamAdhikAraH/
३ आगमाधिकारः 	 trikam/Ishvara-pratyabhiJNA-kArikA/vRttiH/3_AgamAdhikAraH/
३ पूजा 	 shAktaH/daxiNAmnAyaH/yoginIhRdayam/sarva-prastutiH/3_pUjA/
३ प्रमाण के घटक 	 trikam/articles/rastogi-navajIvanaH/pramANa-chintana/1_pramANa/3_pramANa_ke_ghaTaka/
३ विभूतिस्पन्दः 	 shiva-sUtrANi/vasugupta-vArttikam/3_vibhUtispandaH/
३ विषयानुक्रम 	 trikam/articles/rastogi-navajIvanaH/pramANa-chintana/0/3_viShayAnukrama/
३० 	 trikam/abhinavagupta-mUlam/tantrAlokaH/pariShkAryam/chaturvedi-rAdheshyAmaH/p5_21-37/30/
३० 	 trikam/abhinavagupta-mUlam/tantrAlokaH/pariShkAryam/paramahaMsa-mishraH/p8_30-37_pariShiShTAni/30/
३० 	 trikam/abhinavagupta-mUlam/tantrAlokaH/sarva-prastutiH/30/
३० प्रतिमालक्षणम् 	 svAyambhuvAgamaH/02_uttarasUtram/30_pratimAlaxaNam/
३० मूलसंकोचविधिपटलः 	 svAyambhuvAgamaH/04_prakIrNam/30_mUlasaMkochavidhipaTalaH/
३० विष्णुशक्तिमनुकथनं 	 meru-tantram/30_viShNushaktimanukathanaM/
३१ 	 trikam/abhinavagupta-mUlam/tantrAlokaH/pariShkAryam/chaturvedi-rAdheshyAmaH/p5_21-37/31/
३१ 	 trikam/abhinavagupta-mUlam/tantrAlokaH/pariShkAryam/paramahaMsa-mishraH/p8_30-37_pariShiShTAni/31/
३१ 	 trikam/abhinavagupta-mUlam/tantrAlokaH/sarva-prastutiH/31/
३१ लिङ्गस्थापनम् 	 svAyambhuvAgamaH/02_uttarasUtram/31_lingasthApanam/
३१ विघ्नेशार्चनम् 	 svAyambhuvAgamaH/04_prakIrNam/31_vighneshArchanam/
३१ शिवमन्त्रकथनं 	 meru-tantram/31_shivamantrakathanaM/
३२ 	 trikam/abhinavagupta-mUlam/tantrAlokaH/pariShkAryam/chaturvedi-rAdheshyAmaH/p5_21-37/32/
३२ 	 trikam/abhinavagupta-mUlam/tantrAlokaH/pariShkAryam/paramahaMsa-mishraH/p8_30-37_pariShiShTAni/32/
३२ 	 trikam/abhinavagupta-mUlam/tantrAlokaH/sarva-prastutiH/32/
३२ भैरवादिमनुकथनं 	 meru-tantram/32_bhairavAdimanukathanaM/
३२ विघ्नेशध्यानम् 	 svAyambhuvAgamaH/04_prakIrNam/32_vighneshadhyAnam/
३२ स्थापकः पटलः 	 svAyambhuvAgamaH/02_uttarasUtram/32_sthApakaH_paTalaH/
३३ 	 trikam/abhinavagupta-mUlam/tantrAlokaH/pariShkAryam/chaturvedi-rAdheshyAmaH/p5_21-37/33/
३३ 	 trikam/abhinavagupta-mUlam/tantrAlokaH/pariShkAryam/paramahaMsa-mishraH/p8_30-37_pariShiShTAni/33/
३३ 	 trikam/abhinavagupta-mUlam/tantrAlokaH/sarva-prastutiH/33/
३३ गणेशोत्सवपटलः 	 svAyambhuvAgamaH/04_prakIrNam/33_gaNeshotsavapaTalaH/
३३ दैवतयन्त्रकथनं 	 meru-tantram/33_daivatayantrakathanaM/
३३ बलस्थापनम् 	 svAyambhuvAgamaH/02_uttarasUtram/33_balasthApanam/
३४ 	 trikam/abhinavagupta-mUlam/tantrAlokaH/pariShkAryam/chaturvedi-rAdheshyAmaH/p5_21-37/34/
३४ 	 trikam/abhinavagupta-mUlam/tantrAlokaH/pariShkAryam/paramahaMsa-mishraH/p8_30-37_pariShiShTAni/34/
३४ 	 trikam/abhinavagupta-mUlam/tantrAlokaH/sarva-prastutiH/34/
३४ अनामकम्?? 	 svAyambhuvAgamaH/04_prakIrNam/34_anAmakam/
३४ शूल-स्थापन-पटलम् 	 svAyambhuvAgamaH/02_uttarasUtram/34_shUla-sthApana-paTalam/
३४ हनुमन्मन्त्रकथनं 	 meru-tantram/34_hanumanmantrakathanaM/
३५ 	 trikam/abhinavagupta-mUlam/tantrAlokaH/pariShkAryam/chaturvedi-rAdheshyAmaH/p5_21-37/35/
३५ 	 trikam/abhinavagupta-mUlam/tantrAlokaH/pariShkAryam/paramahaMsa-mishraH/p8_30-37_pariShiShTAni/35/
३५ 	 trikam/abhinavagupta-mUlam/tantrAlokaH/sarva-prastutiH/35/
३५ कार्त्तवीर्य्यार्जुनमन्त्रकथनं 	 meru-tantram/35_kArttavIryyArjunamantrakathanaM/
३५ बलिदानविधिः 	 svAyambhuvAgamaH/04_prakIrNam/35_balidAnavidhiH/
३६ 	 trikam/abhinavagupta-mUlam/tantrAlokaH/pariShkAryam/chaturvedi-rAdheshyAmaH/p5_21-37/36/
३६ 	 trikam/abhinavagupta-mUlam/tantrAlokaH/pariShkAryam/paramahaMsa-mishraH/p8_30-37_pariShiShTAni/36/
३६ 	 trikam/abhinavagupta-mUlam/tantrAlokaH/sarva-prastutiH/36/
३६ चन्द्रार्चनम् 	 svAyambhuvAgamaH/04_prakIrNam/36_chandrArchanam/
३६ परिवारस्थापनम् 	 svAyambhuvAgamaH/02_uttarasUtram/36_parivArasthApanam/
३७ 	 trikam/abhinavagupta-mUlam/tantrAlokaH/pariShkAryam/chaturvedi-rAdheshyAmaH/p5_21-37/37/
३७ 	 trikam/abhinavagupta-mUlam/tantrAlokaH/pariShkAryam/paramahaMsa-mishraH/p8_30-37_pariShiShTAni/37/
३७ 	 trikam/abhinavagupta-mUlam/tantrAlokaH/sarva-prastutiH/37/
३७ प्रवेशबलिपटलः 	 svAyambhuvAgamaH/04_prakIrNam/37_praveshabalipaTalaH/
३७ बाल्यस्थानम् 	 svAyambhuvAgamaH/02_uttarasUtram/37_bAlyasthAnam/
३८ प्रोक्षणविधिः 	 svAyambhuvAgamaH/02_uttarasUtram/38_proxaNavidhiH/
३८ स्थूपिप्रतिष्ठाविधिपटलः 	 svAyambhuvAgamaH/04_prakIrNam/38_sthUpipratiShThAvidhipaTalaH/
३९ अङ्कुरार्पणम् 	 svAyambhuvAgamaH/02_uttarasUtram/39_ankurArpaNam/
३९ विमानस्थापनम् 	 svAyambhuvAgamaH/04_prakIrNam/39_vimAnasthApanam/
४ 	 shAktaH/daxiNAmnAyaH/nityA-ShoDashikArNavaH/bhAskara-rAya-TIkA/4/
४ 	 trikam/somAnanda-shivadRShTiH/4/
4 ABOUT THE TEXT 	 trikam/abhinavagupta-mUlam/tantrAlokaH/meta/articles/rastogi-navajIvana-intro/4_ABOUT_THE_TEXT/
4 Rāmakaṇṭha 0 Ātman Debate 	 meta/articles/shaivism_and_the_Tantric_Traditions/2_Exegetical_and_Philosophical_Traditions/4_rAmakaNTha_0_Atman_Debate/
4 Summoning the Lord 	 meta/articles/davis_on_ritual/4_Summoning_the_Lord/
४ आसूत्रण 	 trikam/articles/rastogi-navajIvanaH/pramANa-chintana/2_pramANa-bheda/4_AsUtraNa/
४ ग्रन्थ-प्रतीक 	 trikam/articles/rastogi-navajIvanaH/pramANa-chintana/0/4_grantha-pratIka/
४ तत्त्वसंग्रहाधिकारः 	 trikam/Ishvara-pratyabhiJNA-kArikA/vimarshinI-vyAkhyA/4_tattvasaMgrahAdhikAraH/
४ तत्त्वसङ्ग्रहाधिकारः 	 trikam/Ishvara-pratyabhiJNA-kArikA/vimarshinI/4_tattvasangrahAdhikAraH/
४ तत्त्वसङ्ग्रहाधिकारः 	 trikam/Ishvara-pratyabhiJNA-kArikA/vRttiH/4_tattvasangrahAdhikAraH/
४० उत्सवविधिः 	 svAyambhuvAgamaH/02_uttarasUtram/40_utsavavidhiH/
४० संप्रोक्षणम् 	 svAyambhuvAgamaH/04_prakIrNam/40_saMproxaNam/
४१ नृत्तमूर्तिप्रतिष्ठा 	 svAyambhuvAgamaH/04_prakIrNam/41_nRttamUrtipratiShThA/
४१ शङ्करस्नपनम् 	 svAyambhuvAgamaH/02_uttarasUtram/41_shankarasnapanam/
४२ नैवेद्यप्रमाणम् 	 svAyambhuvAgamaH/02_uttarasUtram/42_naivedyapramANam/
४२ प्रदोषविधिः 	 svAyambhuvAgamaH/04_prakIrNam/42_pradoShavidhiH/
४३ बलिविधिपटलः 	 svAyambhuvAgamaH/02_uttarasUtram/43_balividhipaTalaH/
४३ महोत्सवः 	 svAyambhuvAgamaH/04_prakIrNam/43_mahotsavaH/
४४ वसन्तोत्सवविधिपटलः 	 svAyambhuvAgamaH/04_prakIrNam/44_vasantotsavavidhipaTalaH/
४५ अद्भुतशान्तिः 	 svAyambhuvAgamaH/02_uttarasUtram/45_adbhutashAntiH/
४५ वारार्चनम् 	 svAyambhuvAgamaH/04_prakIrNam/45_vArArchanam/
४६ अन्नाभिषेकविधिः 	 svAyambhuvAgamaH/04_prakIrNam/46_annAbhiShekavidhiH/
४६ करणलक्षणम् 	 svAyambhuvAgamaH/02_uttarasUtram/46_karaNalaxaNam/
४७ ध्वजपटलक्षणम् 	 svAyambhuvAgamaH/02_uttarasUtram/47_dhvajapaTalaxaNam/
४७ सकलपूजा 	 svAyambhuvAgamaH/04_prakIrNam/47_sakalapUjA/
४८ जीर्णोद्धारणम् 	 svAyambhuvAgamaH/04_prakIrNam/48_jIrNoddhAraNam/
४९ लिङ्गलक्षणम् 	 svAyambhuvAgamaH/04_prakIrNam/49_lingalaxaNam/
५ 	 shAktaH/daxiNAmnAyaH/nityA-ShoDashikArNavaH/bhAskara-rAya-TIkA/5/
५ 	 trikam/somAnanda-shivadRShTiH/5/
5 AGENDA FOR FUTURE RESEARCH 	 trikam/abhinavagupta-mUlam/tantrAlokaH/meta/articles/rastogi-navajIvana-intro/5_AGENDA_FOR_FUTURE_RESEARCH/
5 Relations of Worship 	 meta/articles/davis_on_ritual/5_Relations_of_Worship/
5 Some Hitherto Unknown Fragments of 	 meta/articles/shaivism_and_the_Tantric_Traditions/2_Exegetical_and_Philosophical_Traditions/5_Some_Hitherto_Unknown_Fragments_of/
५ प्रत्यक्ष 	 trikam/articles/rastogi-navajIvanaH/pramANa-chintana/2_pramANa-bheda/5_pratyaxa/
६ 	 shAktaH/daxiNAmnAyaH/nityA-ShoDashikArNavaH/bhAskara-rAya-TIkA/6/
६ 	 trikam/somAnanda-shivadRShTiH/6/
6 Alchemical Metaphors for Spiritual Transformation in Abhinavagupta’s Īśvarapratyabhijñāvimarśinī and Īśvarapratyabhijñāvivṛtivimarśinī 	 meta/articles/shaivism_and_the_Tantric_Traditions/2_Exegetical_and_Philosophical_Traditions/6_Alchemical_Metaphors_for_Spiritual_Transformatio/
6 CONCLUSION 	 meta/articles/davis_on_ritual/6_CONCLUSION/
६ अनुमान 	 trikam/articles/rastogi-navajIvanaH/pramANa-chintana/2_pramANa-bheda/6_anumAna/
७ 	 shAktaH/daxiNAmnAyaH/nityA-ShoDashikArNavaH/bhAskara-rAya-TIkA/7/
७ 	 trikam/somAnanda-shivadRShTiH/7/
7 On Vāgīśvarakīrti’s Influence in Kashmir and among the Khmer 	 meta/articles/shaivism_and_the_Tantric_Traditions/2_Exegetical_and_Philosophical_Traditions/7_On_vAgIshvarakIrtis_Influence_in_Kashmir_and_amo/
७ आगम 	 trikam/articles/rastogi-navajIvanaH/pramANa-chintana/2_pramANa-bheda/7_Agama/
८ 	 shAktaH/daxiNAmnAyaH/nityA-ShoDashikArNavaH/bhAskara-rAya-TIkA/8/
8 Reflections on the King of Ascetics (Yatirāja): Rāmānuja in the Devotional Poetry of Vedānta Deśika 	 meta/articles/shaivism_and_the_Tantric_Traditions/2_Exegetical_and_Philosophical_Traditions/8_Reflections_on_the_King_of_Ascetics_yatirAja_rAm/
A Note on Alexis Sanderson and Indology 	 meta/articles/shaivism_and_the_Tantric_Traditions/0/A_Note_on_Alexis_Sanderson_and_Indology/
ABBREVIATIONS 	 trikam/abhinavagupta-mUlam/tantrAlokaH/meta/articles/rastogi-navajIvana-intro/0/ABBREVIATIONS/
About the Translator 	 trikam/abhinavagupta-mUlam/tantrAlokaH/tantrasAraH/00/About_the_Translator/
alaknkAra limits 	 siddhAntaH/articles/GA/alankAra-limits/
An early shaiva formula 	 meta/articles/MT/2006-05-12_an-early-shaiva-formula/
archaka-classes 	 siddhAntaH/articles/GA/archaka-classes/
bhUta-shuddhiH 	 meta/articles/sthAneshvaraH/bhUta-shuddhiH/
bhuvanAdhvA 	 siddhAntaH/articles/GA/bhuvanAdhvA/
Bibliography 	 shAktaH/daxiNAmnAyaH/yoginIhRdayam/padoux-jeanty/0/bibliography/
Bibliography 	 trikam/abhinavagupta-mUlam/tantrAlokaH/tantrasAraH/Bibliography/
Book adoration 	 siddhAntaH/articles/GA/book-adoration/
Categories 	 categories/
chIna daiva dice 	 meta/articles/MT/chIna-daiva-dice/
Contents 	 meta/articles/shaivism_and_the_Tantric_Traditions/0/Contents/
Contents 	 shAktaH/daxiNAmnAyaH/yoginIhRdayam/padoux-jeanty/0/contents/
Contents 	 trikam/abhinavagupta-mUlam/tantrAlokaH/tantrasAraH/00/Contents/
CONTENTS 	 trikam/abhinavagupta-mUlam/tantrAlokaH/meta/articles/rastogi-navajIvana-intro/0/CONTENTS/
Document Outline 	 shAktaH/daxiNAmnAyaH/yoginIhRdayam/padoux-jeanty/0/document_outline/
dvijas and non-dvijas in the shaiva cults 	 meta/articles/MT/2005-03-26_dvijas-and-non-dvijas-in-the-shaiva-cults/
dvivedi-vraja-vallabhaH 	 trikam/vijJNAna-bhairavaH/srotaH/dvivedi-vraja-vallabhaH/
Dyczkowski Horvatic interview 	 meta/articles/Dyczkowski/Dyczkowski_Hortavik_interview/
Evolution of dakShiNashaiva system 	 meta/articles/MT/2010-01-05_a-discursion-on-the-sanatkumariya-panchabrahma-siddha-shamkara-tantra-and-the-early-evolution-of-the-dakshinashaiva-system/
Experience levels 	 trikam/articles/sthAneshvaraH/experience-levels/
Foreword 	 trikam/abhinavagupta-mUlam/tantrAlokaH/tantrasAraH/00/Foreword/
Frequency evolution 	 meta/articles/MT/frequency-evolution/
From the parAtrIshikhA section of the rudra yAmala 	 meta/articles/MT/2005-03-21_from-the-paratrishikha-section-of-the-rudra-yamala/
Glossary 	 meta/articles/davis_on_ritual/Glossary/
Glossary 	 shAktaH/daxiNAmnAyaH/yoginIhRdayam/padoux-jeanty/0/glossary/
goraxa-sampradAya 	 meta/articles/MT/goraxa-sampradAya/
Index 	 meta/articles/davis_on_ritual/Index/
Index 	 shAktaH/daxiNAmnAyaH/yoginIhRdayam/padoux-jeanty/0/
Intro 	 trikam/abhinavagupta-mUlam/tantrAlokaH/tantrasAraH/00/Intro/
Introduction 	 meta/articles/shaivism_and_the_Tantric_Traditions/0/Introduction/
Introduction 	 shAktaH/daxiNAmnAyaH/yoginIhRdayam/padoux-jeanty/0/introduction/
itihAsa in buddhitattva 	 siddhAntaH/articles/GA/itihAsa-in-buddhitattva/
jayadeva-siMhaH 	 trikam/vijJNAna-bhairavaH/srotaH/jayadeva-siMhaH/
kAlAmukhas-II 	 meta/articles/MT/2005-03-23_kalamukhas-ii/
kaNNappa 	 siddhAntaH/articles/GA/kaNNappa/
kAshmIr shaivism schools 	 trikam/articles/jU-laxmaNaH/kAshmIr-shaivism-schools/
krama-tAntricism v1 	 trikam/articles/rastogi-navajIvanaH/krama-tAntricism/
Leidecker 	 trikam/pratyabhijJNA-hRdayam/srotaH/leidecker/
List of Figures and Tables 	 meta/articles/shaivism_and_the_Tantric_Traditions/0/List_of_Figures_and_Tables/
Manas and Jñānendriyas in Kashmir Śaivism 	 trikam/articles/rastogi-navajIvanaH/pramANa-chintana/Manas_and_JnAnendriyas_in_Kashmir_shaivism/
Mark Dyczkowski self intro 	 meta/articles/Dyczkowski/Mark_Dyczkowski_self_intro/
mikael-conversion - hindu 	 siddhAntaH/articles/mikael-conversion_hindu/
mRgayAtrA 	 meta/articles/MT/mRgayAtrA/
mRgendrAgama quote 	 siddhAntaH/articles/GA/mRgendrAgama-quote/
muslmis among nAths 	 meta/articles/muslims-among-nAths/
naming of the initiates as per the classic siddhAnta tantras 	 meta/articles/MT/2006-10-07_naming-of-the-initiates-as-per-the-classic-siddhanta-tantras/
nandanAr 	 siddhAntaH/articles/nandanAr/
nAtha sampradAya and muslim texts 	 meta/articles/marrewa/nAtha-sampradAya-muslim-texts/
nAtha-s and mogols 	 meta/articles/marrewa/nAthas_and_mogols/
Nepal trika survival 	 trikam/articles/nepal-trika-survival/
netra tantraM 	 meta/articles/MT/2006-06-24_some-words-on-the-netra-tantram/
Non-tamil siddhAnta provenance 	 siddhAntaH/articles/GA/non-tamiL-siddhAnta-provenance/
Notes 	 meta/articles/davis_on_ritual/Notes/
Notes 	 trikam/abhinavagupta-mUlam/tantrAlokaH/tantrasAraH/Notes/
Notes on Contributors 	 meta/articles/shaivism_and_the_Tantric_Traditions/0/Notes_on_Contributors/
OMkAraH 	 meta/articles/sthAneshvaraH/OMkAraH/
pAshupata-tantra-vyomavyApI 	 meta/articles/MT/pAshupata-tantra-vyomavyApI/
pati vs pashu shAstra 	 siddhAntaH/articles/GA/pati-vs-pashu-shAstra/
Preface 	 meta/articles/shaivism_and_the_Tantric_Traditions/0/Preface/
Preface 	 shAktaH/daxiNAmnAyaH/yoginIhRdayam/padoux-jeanty/0/preface/
Preface 	 trikam/abhinavagupta-mUlam/tantrAlokaH/tantrasAraH/00/Preface/
PREFATORY NOTE 	 trikam/abhinavagupta-mUlam/tantrAlokaH/meta/articles/rastogi-navajIvana-intro/0/PREFATORY_NOTE/
Reaccessing Abhinavagupta 	 trikam/articles/rastogi-navajIvanaH/Reaccessing_Abhinavagupta/
Royal kumAra worshippers 	 meta/articles/MT/2005-10-28_royal-kumara-worshippers/
Sanskrit notes 	 shAktaH/daxiNAmnAyaH/yoginIhRdayam/padoux-jeanty/0/sanskrit_notes/
SELECT BIBLIOGRAPHY 	 trikam/abhinavagupta-mUlam/tantrAlokaH/meta/articles/rastogi-navajIvana-intro/0/SELECT_BIBLIOGRAPHY/
Selected Bibliography 	 meta/articles/davis_on_ritual/Selected_Bibliography/
shaiva-age 	 meta/articles/sanderson/shaiva-age/
shivAlaya-dharmakartA 	 siddhAntaH/articles/GA/shivAlaya-dharmakartA/
shrIkaNTha-rudraH 	 siddhAntaH/articles/GA/shrIkaNTha-rudraH/
siddhAnta loss outside TN 	 siddhAntaH/articles/GA/siddhAnta-loss-outside-TN/
siddhAnta tantrics and mainstream 	 meta/articles/MT/2006-06-23_siddhanta-tantrics-and-the-mainstream-brahminical-path/
Some considerations on the tantric path 	 meta/articles/MT/2005-11-15_some-considerations-on-the-tantric-path/
South-lineage 	 trikam/articles/MT/south-lineage/
sundaranAtha (tirumUlar)’s lineage 	 meta/articles/MT/2006-08-25_sundaranatha-tirumulars-lineage/
svAtantrya 	 trikam/articles/sthAneshvaraH/svAtantrya/
Tags 	 tags/
tAntric-traditions 	 meta/articles/sanderson/tAntric-traditions/
tattvas-attainable 	 siddhAntaH/tattvas-attainable/
Temple making in kAmikAgama 	 siddhAntaH/articles/GA/temple-making-kAmikAgama/
The akShara puruSha maNDala of the pUrva srotas 	 meta/articles/MT/2006-07-14_the-akshara-purusha-mandala-of-the-purva-srotas/
The heart of the tantra 	 meta/articles/MT/2005-03-11_the-heart-of-the-tantra/
The kAlAmukhas-I 	 meta/articles/MT/2005-02-23_the-kalamukhas-i/
The matta-mayUra vaMsha 	 meta/articles/MT/2006-12-10_the-matta-mayura-vamsha-of-mantra-marga-siddhantin-s/
The mythology of tirumUlar 	 meta/articles/MT/2006-08-25_the-mythology-of-tirumular/
The pa~ncha vaktra chakra of the pUrva srotas 	 meta/articles/MT/2006-07-13_the-pancha-vaktra-chakra-of-the-purva-srotas/
The primary tantras of rudra 	 meta/articles/MT/2005-03-26_the-primary-tantras-of-rudra/
The shaiva cult in the tamil country 	 meta/articles/MT/2004-05-19_the-shaiva-cult-in-the-tamil-country/
The shaivas: the pAshupata-s 	 meta/articles/MT/2006-05-10_the-shaivas-the-pashupata-s/
The trayodashi rite of the kaTha dIkShita-s 	 meta/articles/MT/2006-08-15_the-trayodashi-rite-of-the-katha-dikshita-s/
The unmatta bhairava tantraM of the saMmohana tradition 	 meta/articles/MT/2006-11-11_the-unmatta-bhairava-tantram-of-the-sammohana-tradition/
trika-siddhAnta-tension 	 meta/articles/MT/trika-siddhAnta-tension/
varNAshrama-dharmaH 	 siddhAntaH/articles/GA/varNAshrama-dharmaH/
vimarsha-initiation-notes 	 meta/articles/sthAneshvaraH/vimarsha-initiation-notes/
Wood 	 meta/articles/MT/wood/
yavana shaiva 	 meta/articles/MT/yavana-shaiva/
अथर्व-शिर-उपनिषत् शैवी 	 atharva-shIra-upaniShat/
अरुणाचलेश्वराष्टोत्तरनामावली 	 aruNAchaleshvarAShTottaranAmAvalI/
आत्म-नाशः 	 siddhAntaH/articles/GA/Atma-nAshaH/
कमिकागमः १ 	 kAmikAgamaH/1/
कविराज जी का दृष्टिकोण 	 trikam/articles/rastogi-navajIvanaH/Gopinath_Kaviraj/
कुल और क्रम-मत 	 trikam/articles/rastogi-navajIvanaH/kula-krama-mata/
कौमदी-मूलम् 	 trikam/vijJNAna-bhairavaH/srotaH/kaumadI-mUlam/
क्षेमराज-निर्णयः 	 trikam/spanda-kArikA/srotaH/xema-rAja-nirNayaH/
गुरुटू-नीलकण्ठः 	 trikam/parAtriMshikA/srotaH/guruTU-nIlakaNThaH/
गुरुटू-नीलकण्ठः 	 trikam/spanda-kArikA/srotaH/guruTU-nIlakaNThaH/
गुरुटू-नीलकण्ठः 	 trikam/xemarAja-mUlam/parA-praveshikA/guruTU-nIlakaNThaH/
चिद्-विलास-स्तवः 	 shAktaH/daxiNAmnAyaH/chid-vilAsa-stavaH/
जयदेव-सिंहः 	 trikam/pratyabhijJNA-hRdayam/srotaH/jayadeva-siMhaH/
ज्ञान-कलिका-स्तोत्रम् 	 shAktaH/daxiNAmnAyaH/tripurA-rahasyam/jnAna-kalikA-stotram/
ज्ञानखण्डम् - श्रीनिवास-टीका 	 shAktaH/daxiNAmnAyaH/tripurA-rahasyam/jnAnakhaNDam_shrInivAsa-TIkA/
तत्त्वत्रयनिर्णयः 	 siddhAntaH/aShTa_prakaraNAni/tattva-traya-nirNayaH/
तत्त्वप्रकाशः 	 siddhAntaH/aShTa_prakaraNAni/tattva-prakAshaH/
तत्त्वसंग्रहः 	 siddhAntaH/aShTa_prakaraNAni/tattva-saMgrahaH/
तिरोधानानुग्रहौ 	 siddhAntaH/articles/GA/tirodhAnAnugrahau/
त्रिपुरारहस्य माहत्म्यकण्ढम् 	 shAktaH/daxiNAmnAyaH/tripurA-rahasyam/mAhatmya-kaNDham/
नादकारिका 	 siddhAntaH/aShTa_prakaraNAni/nAdakArikA/
परमार्थसारः 	 trikam/abhinavagupta-mUlam/paramArthasAraH/
परमोक्ष-निरास-कारिका 	 siddhAntaH/aShTa_prakaraNAni/para-moxa-nirAsa-kArikA/
परिशिष्ट 	 trikam/abhinavagupta-mUlam/tantrAlokaH/pariShkAryam/chaturvedi-rAdheshyAmaH/p5_21-37/parishiShTa/
भोगकारिका 	 siddhAntaH/aShTa_prakaraNAni/bhoga-kArikA/
मन्दिर-सेवा 	 meta/mandira-sevA/
महानयप्रकाशः कौरल-प्रकाशनम् 	 trikam/mahAnayaprakAshaH_kairala-prakAshanam/
महानयप्रकाशः शितिकण्ठ-कृतः 	 trikam/mahAnayaprakAshaH_shitikaNTha-kRtaH/
महेश्वरानन्द-महार्थमञ्जरी 	 trikam/maheshvarAnanda-mahArthamanjarI/
मालिनीविजयोत्तर-पाठसारः 	 trikam/articles/sthAneshvaraH/mAlinI-vijayottara-pATha-sAraH/
मूलं सटीकम् 	 trikam/pratyabhijJNA-hRdayam/srotaH/mUlam/
मूलम् 	 trikam/parAtriMshikA/srotaH/mUlam/
मोक्षकारिका 	 siddhAntaH/aShTa_prakaraNAni/moxakArikA/
रत्नत्रयपरीक्षा 	 siddhAntaH/aShTa_prakaraNAni/ratnatrayaparIxA/
राजारामजशङ्कर-प्रस्तुतिः 	 trikam/articles/rAjArAmaja-shankara-prastutiH/
रामकण्ठ-वृत्तिः 	 trikam/spanda-kArikA/srotaH/rAmakaNTha-vRttiH/
वल्मीक-लिङ्गार्चनम् 	 valmIkalingArchanam/
विरूपाक्षपण्चशिका 	 trikam/virUpAxa-paNchashikA/
शक्तिपातः 	 siddhAntaH/articles/GA/shaktipAtaH/
शब्दानुक्रमणिका 	 trikam/articles/rastogi-navajIvanaH/pramANa-chintana/shabdAnukramaNikA/
शिव-शङ्करः 	 trikam/pratyabhijJNA-hRdayam/srotaH/shiva-shankaraH/
शिष्टम् 	 trikam/abhinavagupta-mUlam/tantrAlokaH/pariShkAryam/paramahaMsa-mishraH/p1_01-03/shiShTam/
शिष्टम् 	 trikam/abhinavagupta-mUlam/tantrAlokaH/pariShkAryam/paramahaMsa-mishraH/p2_04-07/shiShTam/
शिष्टम् 	 trikam/abhinavagupta-mUlam/tantrAlokaH/pariShkAryam/paramahaMsa-mishraH/p3_08-09/shiShTam/
शिष्टम् 	 trikam/abhinavagupta-mUlam/tantrAlokaH/pariShkAryam/paramahaMsa-mishraH/p4_10-13/shiShTam/
शिष्टम् 	 trikam/abhinavagupta-mUlam/tantrAlokaH/pariShkAryam/paramahaMsa-mishraH/p5_14-15/shiShTam/
शिष्टम् 	 trikam/abhinavagupta-mUlam/tantrAlokaH/pariShkAryam/paramahaMsa-mishraH/p6_16-27/shiShTam/
शिष्टम् 	 trikam/abhinavagupta-mUlam/tantrAlokaH/pariShkAryam/paramahaMsa-mishraH/p7_28-29/shiShTam/
शिष्टम् 	 trikam/abhinavagupta-mUlam/tantrAlokaH/pariShkAryam/paramahaMsa-mishraH/p8_30-37_pariShiShTAni/shiShTam/
सन्दर्भ-ग्रन्थ 	 trikam/articles/rastogi-navajIvanaH/pramANa-chintana/sandarbha-grantha/
समाप्तिः 	 trikam/abhinavagupta-mUlam/tantrAlokaH/tantrasAraH/mUlam/samAptiH/
समाप्तिः 	 trikam/netra-tantram/samAptiH/
सर्व-प्रस्तुतिः 	 trikam/pratyabhijJNA-hRdayam/sarva-prastutiH/
सर्वप्रस्तुतिः 	 trikam/vijJNAna-bhairavaH/sarva-prastutiH/
संवर्त-स्तवः 	 trikam/articles/sthAneshvaraH/saMvarta-stavaH/
